,index,today,expiration,strike,optionType,spot,riskFreeRate,optionPremiumPrice
1,0,10-07-2023 09:31,14-07-2023 00:00,80,C,132.04,0.05,52.08891602
2,1,10-07-2023 09:31,14-07-2023 00:00,80,P,132.04,0.05,0.001823991
3,2,10-07-2023 09:31,14-07-2023 00:00,85,C,132.04,0.05,47.0842064
4,3,10-07-2023 09:31,14-07-2023 00:00,85,P,132.04,0.05,0.001869603
5,4,10-07-2023 09:31,14-07-2023 00:00,90,C,132.04,0.05,42.08031876
6,5,10-07-2023 09:31,14-07-2023 00:00,90,P,132.04,0.05,0.001920117
7,6,10-07-2023 09:31,14-07-2023 00:00,95,C,132.04,0.05,37.08188416
8,7,10-07-2023 09:31,14-07-2023 00:00,95,P,132.04,0.05,0.001978305
9,8,10-07-2023 09:31,14-07-2023 00:00,100,C,132.04,0.05,0
10,9,10-07-2023 09:31,14-07-2023 00:00,100,P,132.04,0.05,0.002047443
11,10,10-07-2023 09:31,14-07-2023 00:00,105,C,132.04,0.05,27.09731827
12,11,10-07-2023 09:31,14-07-2023 00:00,105,P,132.04,0.05,0.002123515
13,12,10-07-2023 09:31,14-07-2023 00:00,110,C,132.04,0.05,22.09910526
14,13,10-07-2023 09:31,14-07-2023 00:00,110,P,132.04,0.05,0.002216587
15,14,10-07-2023 09:31,14-07-2023 00:00,115,C,132.04,0.05,17.09802667
16,15,10-07-2023 09:31,14-07-2023 00:00,115,P,132.04,0.05,0.003412871
17,16,10-07-2023 09:31,14-07-2023 00:00,116,C,132.04,0.05,16.11871925
18,17,10-07-2023 09:31,14-07-2023 00:00,116,P,132.04,0.05,0.003447479
19,18,10-07-2023 09:31,14-07-2023 00:00,117,C,132.04,0.05,0
20,19,10-07-2023 09:31,14-07-2023 00:00,117,P,132.04,0.05,0.00348409
21,20,10-07-2023 09:31,14-07-2023 00:00,118,C,132.04,0.05,14.10212139
22,21,10-07-2023 09:31,14-07-2023 00:00,118,P,132.04,0.05,0.003524218
23,22,10-07-2023 09:31,14-07-2023 00:00,119,C,132.04,0.05,0
24,23,10-07-2023 09:31,14-07-2023 00:00,119,P,132.04,0.05,0.003569944
25,24,10-07-2023 09:31,14-07-2023 00:00,120,C,132.04,0.05,0
26,25,10-07-2023 09:31,14-07-2023 00:00,120,P,132.04,0.05,0.003614463
27,26,10-07-2023 09:31,14-07-2023 00:00,121,C,132.04,0.05,0
28,27,10-07-2023 09:31,14-07-2023 00:00,121,P,132.04,0.05,0.004916777
29,28,10-07-2023 09:31,14-07-2023 00:00,122,C,132.04,0.05,0
30,29,10-07-2023 09:31,14-07-2023 00:00,122,P,132.04,0.05,0.006354881
31,30,10-07-2023 09:31,14-07-2023 00:00,123,C,132.04,0.05,0
32,31,10-07-2023 09:31,14-07-2023 00:00,123,P,132.04,0.05,0.006447279
33,32,10-07-2023 09:31,14-07-2023 00:00,124,C,132.04,0.05,8.123900418
34,33,10-07-2023 09:31,14-07-2023 00:00,124,P,132.04,0.05,0.00652613
35,34,10-07-2023 09:31,14-07-2023 00:00,125,C,132.04,0.05,0
36,35,10-07-2023 09:31,14-07-2023 00:00,125,P,132.04,0.05,0.008113702
37,36,10-07-2023 09:31,14-07-2023 00:00,126,C,132.04,0.05,0
38,37,10-07-2023 09:31,14-07-2023 00:00,126,P,132.04,0.05,0.015069901
39,38,10-07-2023 09:31,14-07-2023 00:00,127,C,132.04,0.05,5.137744086
40,39,10-07-2023 09:31,14-07-2023 00:00,127,P,132.04,0.05,0.023102176
41,40,10-07-2023 09:31,14-07-2023 00:00,128,C,132.04,0.05,4.112181188
42,41,10-07-2023 09:31,14-07-2023 00:00,128,P,132.04,0.05,0.029963942
43,42,10-07-2023 09:31,14-07-2023 00:00,129,C,132.04,0.05,3.181142281
44,43,10-07-2023 09:31,14-07-2023 00:00,129,P,132.04,0.05,0.076199866
45,44,10-07-2023 09:31,14-07-2023 00:00,130,C,132.04,0.05,2.308397333
46,45,10-07-2023 09:31,14-07-2023 00:00,130,P,132.04,0.05,0.181120519
47,46,10-07-2023 09:31,14-07-2023 00:00,131,C,132.04,0.05,1.476141793
48,47,10-07-2023 09:31,14-07-2023 00:00,131,P,132.04,0.05,0.431813495
49,48,10-07-2023 09:31,14-07-2023 00:00,132,C,132.04,0.05,0.894835553
50,49,10-07-2023 09:31,14-07-2023 00:00,132,P,132.04,0.05,0.835415571
51,50,10-07-2023 09:31,14-07-2023 00:00,133,C,132.04,0.05,0.469942374
52,51,10-07-2023 09:31,14-07-2023 00:00,133,P,132.04,0.05,1.308930536
53,52,10-07-2023 09:31,14-07-2023 00:00,134,C,132.04,0.05,0.208243498
54,53,10-07-2023 09:31,14-07-2023 00:00,134,P,132.04,0.05,2.071899755
55,54,10-07-2023 09:31,14-07-2023 00:00,135,C,132.04,0.05,0.090168639
56,55,10-07-2023 09:31,14-07-2023 00:00,135,P,132.04,0.05,3.120646237
57,56,10-07-2023 09:31,14-07-2023 00:00,136,C,132.04,0.05,0.043187332
58,57,10-07-2023 09:31,14-07-2023 00:00,136,P,132.04,0.05,4.011559538
59,58,10-07-2023 09:31,14-07-2023 00:00,137,C,132.04,0.05,0.028292773
60,59,10-07-2023 09:31,14-07-2023 00:00,137,P,132.04,0.05,5.009805288
61,60,10-07-2023 09:31,14-07-2023 00:00,138,C,132.04,0.05,0.011494865
62,61,10-07-2023 09:31,14-07-2023 00:00,138,P,132.04,0.05,0
63,62,10-07-2023 09:31,14-07-2023 00:00,139,C,132.04,0.05,0.010717584
64,63,10-07-2023 09:31,14-07-2023 00:00,139,P,132.04,0.05,0
65,64,10-07-2023 09:31,14-07-2023 00:00,140,C,132.04,0.05,0.010124038
66,65,10-07-2023 09:31,14-07-2023 00:00,140,P,132.04,0.05,0
67,66,10-07-2023 09:31,14-07-2023 00:00,141,C,132.04,0.05,0.005829452
68,67,10-07-2023 09:31,14-07-2023 00:00,141,P,132.04,0.05,0
69,68,10-07-2023 09:31,14-07-2023 00:00,142,C,132.04,0.05,0.005560876
70,69,10-07-2023 09:31,14-07-2023 00:00,142,P,132.04,0.05,0
71,70,10-07-2023 09:31,14-07-2023 00:00,143,C,132.04,0.05,0.005339822
72,71,10-07-2023 09:31,14-07-2023 00:00,143,P,132.04,0.05,0
73,72,10-07-2023 09:31,14-07-2023 00:00,144,C,132.04,0.05,0.002160487
74,73,10-07-2023 09:31,14-07-2023 00:00,144,P,132.04,0.05,0
75,74,10-07-2023 09:31,14-07-2023 00:00,145,C,132.04,0.05,0.003473157
76,75,10-07-2023 09:31,14-07-2023 00:00,145,P,132.04,0.05,0
77,76,10-07-2023 09:31,14-07-2023 00:00,146,C,132.04,0.05,0.003366286
78,77,10-07-2023 09:31,14-07-2023 00:00,146,P,132.04,0.05,0
79,78,10-07-2023 09:31,14-07-2023 00:00,147,C,132.04,0.05,0.003264175
80,79,10-07-2023 09:31,14-07-2023 00:00,147,P,132.04,0.05,0
81,80,10-07-2023 09:31,14-07-2023 00:00,148,C,132.04,0.05,0.003180719
82,81,10-07-2023 09:31,14-07-2023 00:00,148,P,132.04,0.05,0
83,82,10-07-2023 09:31,14-07-2023 00:00,149,C,132.04,0.05,0.003104162
84,83,10-07-2023 09:31,14-07-2023 00:00,149,P,132.04,0.05,0
85,84,10-07-2023 09:31,14-07-2023 00:00,150,C,132.04,0.05,0.003032561
86,85,10-07-2023 09:31,14-07-2023 00:00,150,P,132.04,0.05,0
87,86,10-07-2023 09:31,14-07-2023 00:00,152.5,C,132.04,0.05,0.002876593
88,87,10-07-2023 09:31,14-07-2023 00:00,152.5,P,132.04,0.05,0
89,88,10-07-2023 09:31,14-07-2023 00:00,155,C,132.04,0.05,0.002752619
90,89,10-07-2023 09:31,14-07-2023 00:00,155,P,132.04,0.05,0
91,90,10-07-2023 09:31,14-07-2023 00:00,160,C,132.04,0.05,0.002552245
92,91,10-07-2023 09:31,14-07-2023 00:00,160,P,132.04,0.05,0
93,92,10-07-2023 09:31,14-07-2023 00:00,165,C,132.04,0.05,0.003476336
94,93,10-07-2023 09:31,14-07-2023 00:00,165,P,132.04,0.05,0
95,94,10-07-2023 09:31,14-07-2023 00:00,170,C,132.04,0.05,0.003301896
96,95,10-07-2023 09:31,14-07-2023 00:00,170,P,132.04,0.05,0
97,96,10-07-2023 09:31,14-07-2023 00:00,175,C,132.04,0.05,0.003160566
98,97,10-07-2023 09:31,14-07-2023 00:00,175,P,132.04,0.05,0
99,98,10-07-2023 09:31,14-07-2023 00:00,180,C,132.04,0.05,0.003040981
100,99,10-07-2023 09:31,14-07-2023 00:00,180,P,132.04,0.05,0
101,100,10-07-2023 09:31,21-07-2023 00:00,65,C,132.04,0.05,67.13418723
102,101,10-07-2023 09:31,21-07-2023 00:00,65,P,132.04,0.05,0.010798471
103,102,10-07-2023 09:31,21-07-2023 00:00,70,C,132.04,0.05,62.14510064
104,103,10-07-2023 09:31,21-07-2023 00:00,70,P,132.04,0.05,0.007932183
105,104,10-07-2023 09:31,21-07-2023 00:00,75,C,132.04,0.05,0
106,105,10-07-2023 09:31,21-07-2023 00:00,75,P,132.04,0.05,0.007963587
107,106,10-07-2023 09:31,21-07-2023 00:00,80,C,132.04,0.05,52.17016799
108,107,10-07-2023 09:31,21-07-2023 00:00,80,P,132.04,0.05,0.007951498
109,108,10-07-2023 09:31,21-07-2023 00:00,85,C,132.04,0.05,0
110,109,10-07-2023 09:31,21-07-2023 00:00,85,P,132.04,0.05,0.007986221
111,110,10-07-2023 09:31,21-07-2023 00:00,90,C,132.04,0.05,42.18969359
112,111,10-07-2023 09:31,21-07-2023 00:00,90,P,132.04,0.05,0.008010536
113,112,10-07-2023 09:31,21-07-2023 00:00,95,C,132.04,0.05,37.20775069
114,113,10-07-2023 09:31,21-07-2023 00:00,95,P,132.04,0.05,0.011008705
115,114,10-07-2023 09:31,21-07-2023 00:00,100,C,132.04,0.05,32.20947459
116,115,10-07-2023 09:31,21-07-2023 00:00,100,P,132.04,0.05,0.005184943
117,116,10-07-2023 09:31,21-07-2023 00:00,105,C,132.04,0.05,0
118,117,10-07-2023 09:31,21-07-2023 00:00,105,P,132.04,0.05,0.017267573
119,118,10-07-2023 09:31,21-07-2023 00:00,110,C,132.04,0.05,22.24681081
120,119,10-07-2023 09:31,21-07-2023 00:00,110,P,132.04,0.05,0.030317319
121,120,10-07-2023 09:31,21-07-2023 00:00,115,C,132.04,0.05,17.59851152
122,121,10-07-2023 09:31,21-07-2023 00:00,115,P,132.04,0.05,0.05448531
123,122,10-07-2023 09:31,21-07-2023 00:00,116,C,132.04,0.05,16.64063482
124,123,10-07-2023 09:31,21-07-2023 00:00,116,P,132.04,0.05,0.061672645
125,124,10-07-2023 09:31,21-07-2023 00:00,117,C,132.04,0.05,15.63428262
126,125,10-07-2023 09:31,21-07-2023 00:00,117,P,132.04,0.05,0.068952266
127,126,10-07-2023 09:31,21-07-2023 00:00,118,C,132.04,0.05,14.66379016
128,127,10-07-2023 09:31,21-07-2023 00:00,118,P,132.04,0.05,0.083470748
129,128,10-07-2023 09:31,21-07-2023 00:00,119,C,132.04,0.05,13.67838468
130,129,10-07-2023 09:31,21-07-2023 00:00,119,P,132.04,0.05,0.09835863
131,130,10-07-2023 09:31,21-07-2023 00:00,120,C,132.04,0.05,12.36151276
132,131,10-07-2023 09:31,21-07-2023 00:00,120,P,132.04,0.05,0.117231049
133,132,10-07-2023 09:31,21-07-2023 00:00,121,C,132.04,0.05,11.40104358
134,133,10-07-2023 09:31,21-07-2023 00:00,121,P,132.04,0.05,0.144118551
135,134,10-07-2023 09:31,21-07-2023 00:00,122,C,132.04,0.05,10.44163756
136,135,10-07-2023 09:31,21-07-2023 00:00,122,P,132.04,0.05,0.187430551
137,136,10-07-2023 09:31,21-07-2023 00:00,123,C,132.04,0.05,9.523680623
138,137,10-07-2023 09:31,21-07-2023 00:00,123,P,132.04,0.05,0.247549286
139,138,10-07-2023 09:31,21-07-2023 00:00,124,C,132.04,0.05,8.600888352
140,139,10-07-2023 09:31,21-07-2023 00:00,124,P,132.04,0.05,0.335366418
141,140,10-07-2023 09:31,21-07-2023 00:00,125,C,132.04,0.05,7.715421773
142,141,10-07-2023 09:31,21-07-2023 00:00,125,P,132.04,0.05,0.505272568
143,142,10-07-2023 09:31,21-07-2023 00:00,126,C,132.04,0.05,6.868883287
144,143,10-07-2023 09:31,21-07-2023 00:00,126,P,132.04,0.05,0.586759221
145,144,10-07-2023 09:31,21-07-2023 00:00,127,C,132.04,0.05,6.041140778
146,145,10-07-2023 09:31,21-07-2023 00:00,127,P,132.04,0.05,0.783547343
147,146,10-07-2023 09:31,21-07-2023 00:00,128,C,132.04,0.05,5.298400944
148,147,10-07-2023 09:31,21-07-2023 00:00,128,P,132.04,0.05,1.016675725
149,148,10-07-2023 09:31,21-07-2023 00:00,129,C,132.04,0.05,4.456995223
150,149,10-07-2023 09:31,21-07-2023 00:00,129,P,132.04,0.05,1.295842321
151,150,10-07-2023 09:31,21-07-2023 00:00,130,C,132.04,0.05,3.855974988
152,151,10-07-2023 09:31,21-07-2023 00:00,130,P,132.04,0.05,1.615190794
153,152,10-07-2023 09:31,21-07-2023 00:00,131,C,132.04,0.05,3.308650002
154,153,10-07-2023 09:31,21-07-2023 00:00,131,P,132.04,0.05,2.093586665
155,154,10-07-2023 09:31,21-07-2023 00:00,132,C,132.04,0.05,2.759038146
156,155,10-07-2023 09:31,21-07-2023 00:00,132,P,132.04,0.05,2.475670227
157,156,10-07-2023 09:31,21-07-2023 00:00,133,C,132.04,0.05,2.277691193
158,157,10-07-2023 09:31,21-07-2023 00:00,133,P,132.04,0.05,2.999198291
159,158,10-07-2023 09:31,21-07-2023 00:00,134,C,132.04,0.05,1.944624381
160,159,10-07-2023 09:31,21-07-2023 00:00,134,P,132.04,0.05,3.775536941
161,160,10-07-2023 09:31,21-07-2023 00:00,135,C,132.04,0.05,1.49510864
162,161,10-07-2023 09:31,21-07-2023 00:00,135,P,132.04,0.05,4.184183917
163,162,10-07-2023 09:31,21-07-2023 00:00,136,C,132.04,0.05,1.249911479
164,163,10-07-2023 09:31,21-07-2023 00:00,136,P,132.04,0.05,4.869704371
165,164,10-07-2023 09:31,21-07-2023 00:00,137,C,132.04,0.05,0.921137368
166,165,10-07-2023 09:31,21-07-2023 00:00,137,P,132.04,0.05,5.662179311
167,166,10-07-2023 09:31,21-07-2023 00:00,138,C,132.04,0.05,0.710360421
168,167,10-07-2023 09:31,21-07-2023 00:00,138,P,132.04,0.05,6.384464901
169,168,10-07-2023 09:31,21-07-2023 00:00,139,C,132.04,0.05,0.550512127
170,169,10-07-2023 09:31,21-07-2023 00:00,139,P,132.04,0.05,7.204126741
171,170,10-07-2023 09:31,21-07-2023 00:00,140,C,132.04,0.05,0.408180683
172,171,10-07-2023 09:31,21-07-2023 00:00,140,P,132.04,0.05,8.047003559
173,172,10-07-2023 09:31,21-07-2023 00:00,141,C,132.04,0.05,0.318794013
174,173,10-07-2023 09:31,21-07-2023 00:00,141,P,132.04,0.05,8.934087398
175,174,10-07-2023 09:31,21-07-2023 00:00,142,C,132.04,0.05,0.244886733
176,175,10-07-2023 09:31,21-07-2023 00:00,142,P,132.04,0.05,9.900175104
177,176,10-07-2023 09:31,21-07-2023 00:00,143,C,132.04,0.05,0.193917297
178,177,10-07-2023 09:31,21-07-2023 00:00,143,P,132.04,0.05,0
179,178,10-07-2023 09:31,21-07-2023 00:00,144,C,132.04,0.05,0.154199625
180,179,10-07-2023 09:31,21-07-2023 00:00,144,P,132.04,0.05,12.32242841
181,180,10-07-2023 09:31,21-07-2023 00:00,145,C,132.04,0.05,0.13596501
182,181,10-07-2023 09:31,21-07-2023 00:00,145,P,132.04,0.05,13.29348123
183,182,10-07-2023 09:31,21-07-2023 00:00,146,C,132.04,0.05,0.097600045
184,183,10-07-2023 09:31,21-07-2023 00:00,146,P,132.04,0.05,14.37330052
185,184,10-07-2023 09:31,21-07-2023 00:00,147,C,132.04,0.05,0.080436985
186,185,10-07-2023 09:31,21-07-2023 00:00,147,P,132.04,0.05,15.2841339
187,186,10-07-2023 09:31,21-07-2023 00:00,148,C,132.04,0.05,0.063822096
188,187,10-07-2023 09:31,21-07-2023 00:00,148,P,132.04,0.05,16.29471004
189,188,10-07-2023 09:31,21-07-2023 00:00,149,C,132.04,0.05,0.04767534
190,189,10-07-2023 09:31,21-07-2023 00:00,149,P,132.04,0.05,17.29062348
191,190,10-07-2023 09:31,21-07-2023 00:00,150,C,132.04,0.05,0.047345323
192,191,10-07-2023 09:31,21-07-2023 00:00,150,P,132.04,0.05,18.29477273
193,192,10-07-2023 09:31,21-07-2023 00:00,152.5,C,132.04,0.05,0.031467722
194,193,10-07-2023 09:31,21-07-2023 00:00,152.5,P,132.04,0.05,20.77734942
195,194,10-07-2023 09:31,21-07-2023 00:00,155,C,132.04,0.05,0.023725215
196,195,10-07-2023 09:31,21-07-2023 00:00,155,P,132.04,0.05,0
197,196,10-07-2023 09:31,21-07-2023 00:00,160,C,132.04,0.05,0.026673162
198,197,10-07-2023 09:31,21-07-2023 00:00,160,P,132.04,0.05,0
199,198,10-07-2023 09:31,21-07-2023 00:00,165,C,132.04,0.05,0.012474044
200,199,10-07-2023 09:31,21-07-2023 00:00,165,P,132.04,0.05,0
201,200,10-07-2023 09:31,21-07-2023 00:00,170,C,132.04,0.05,0.012239654
202,201,10-07-2023 09:31,21-07-2023 00:00,170,P,132.04,0.05,0
203,202,10-07-2023 09:31,21-07-2023 00:00,175,C,132.04,0.05,0.008870847
204,203,10-07-2023 09:31,21-07-2023 00:00,175,P,132.04,0.05,0
205,204,10-07-2023 09:31,21-07-2023 00:00,180,C,132.04,0.05,0.008752129
206,205,10-07-2023 09:31,21-07-2023 00:00,180,P,132.04,0.05,0
207,206,10-07-2023 09:31,21-07-2023 00:00,185,C,132.04,0.05,0.008650275
208,207,10-07-2023 09:31,21-07-2023 00:00,185,P,132.04,0.05,0
209,208,10-07-2023 09:31,21-07-2023 00:00,190,C,132.04,0.05,0.008567917
210,209,10-07-2023 09:31,21-07-2023 00:00,190,P,132.04,0.05,0
211,210,10-07-2023 09:31,21-07-2023 00:00,195,C,132.04,0.05,0.00848516
212,211,10-07-2023 09:31,21-07-2023 00:00,195,P,132.04,0.05,62.84056474
213,212,10-07-2023 09:31,21-07-2023 00:00,200,C,132.04,0.05,0.008411858
214,213,10-07-2023 09:31,21-07-2023 00:00,200,P,132.04,0.05,0
215,214,10-07-2023 09:31,21-07-2023 00:00,205,C,132.04,0.05,0.008357505
216,215,10-07-2023 09:31,21-07-2023 00:00,205,P,132.04,0.05,0
217,216,10-07-2023 09:31,21-07-2023 00:00,210,C,132.04,0.05,0.008299099
218,217,10-07-2023 09:31,21-07-2023 00:00,210,P,132.04,0.05,0
219,218,10-07-2023 09:31,21-07-2023 00:00,215,C,132.04,0.05,0.008239015
220,219,10-07-2023 09:31,21-07-2023 00:00,215,P,132.04,0.05,0
221,220,10-07-2023 09:31,21-07-2023 00:00,220,C,132.04,0.05,0.011155862
222,221,10-07-2023 09:31,21-07-2023 00:00,220,P,132.04,0.05,0
223,222,10-07-2023 09:31,28-07-2023 00:00,80,C,132.04,0.05,0
224,223,10-07-2023 09:31,28-07-2023 00:00,80,P,132.04,0.05,0.029055632
225,224,10-07-2023 09:31,28-07-2023 00:00,85,C,132.04,0.05,47.2872683
226,225,10-07-2023 09:31,28-07-2023 00:00,85,P,132.04,0.05,0.071991189
227,226,10-07-2023 09:31,28-07-2023 00:00,90,C,132.04,0.05,0
228,227,10-07-2023 09:31,28-07-2023 00:00,90,P,132.04,0.05,0.032909942
229,228,10-07-2023 09:31,28-07-2023 00:00,95,C,132.04,0.05,0
230,229,10-07-2023 09:31,28-07-2023 00:00,95,P,132.04,0.05,0.076187499
231,230,10-07-2023 09:31,28-07-2023 00:00,100,C,132.04,0.05,32.34281849
232,231,10-07-2023 09:31,28-07-2023 00:00,100,P,132.04,0.05,0.036800241
233,232,10-07-2023 09:31,28-07-2023 00:00,105,C,132.04,0.05,0
234,233,10-07-2023 09:31,28-07-2023 00:00,105,P,132.04,0.05,0.040740207
235,234,10-07-2023 09:31,28-07-2023 00:00,110,C,132.04,0.05,22.3931298
236,235,10-07-2023 09:31,28-07-2023 00:00,110,P,132.04,0.05,0.04457309
237,236,10-07-2023 09:31,28-07-2023 00:00,115,C,132.04,0.05,17.3939921
238,237,10-07-2023 09:31,28-07-2023 00:00,115,P,132.04,0.05,0.07953111
239,238,10-07-2023 09:31,28-07-2023 00:00,118,C,132.04,0.05,14.46915412
240,239,10-07-2023 09:31,28-07-2023 00:00,118,P,132.04,0.05,0.144718653
241,240,10-07-2023 09:31,28-07-2023 00:00,119,C,132.04,0.05,13.54037132
242,241,10-07-2023 09:31,28-07-2023 00:00,119,P,132.04,0.05,0.178100615
243,242,10-07-2023 09:31,28-07-2023 00:00,120,C,132.04,0.05,12.58318542
244,243,10-07-2023 09:31,28-07-2023 00:00,120,P,132.04,0.05,0.216052445
245,244,10-07-2023 09:31,28-07-2023 00:00,121,C,132.04,0.05,11.64826876
246,245,10-07-2023 09:31,28-07-2023 00:00,121,P,132.04,0.05,0.258446719
247,246,10-07-2023 09:31,28-07-2023 00:00,122,C,132.04,0.05,10.71428737
248,247,10-07-2023 09:31,28-07-2023 00:00,122,P,132.04,0.05,0.319026067
249,248,10-07-2023 09:31,28-07-2023 00:00,123,C,132.04,0.05,9.802947491
250,249,10-07-2023 09:31,28-07-2023 00:00,123,P,132.04,0.05,0.401484178
251,250,10-07-2023 09:31,28-07-2023 00:00,124,C,132.04,0.05,8.914440517
252,251,10-07-2023 09:31,28-07-2023 00:00,124,P,132.04,0.05,0.51183144
253,252,10-07-2023 09:31,28-07-2023 00:00,125,C,132.04,0.05,8.050340062
254,253,10-07-2023 09:31,28-07-2023 00:00,125,P,132.04,0.05,0.646560144
255,254,10-07-2023 09:31,28-07-2023 00:00,126,C,132.04,0.05,7.23405538
256,255,10-07-2023 09:31,28-07-2023 00:00,126,P,132.04,0.05,0.814113953
257,256,10-07-2023 09:31,28-07-2023 00:00,127,C,132.04,0.05,6.372698959
258,257,10-07-2023 09:31,28-07-2023 00:00,127,P,132.04,0.05,1.025241498
259,258,10-07-2023 09:31,28-07-2023 00:00,128,C,132.04,0.05,5.630375293
260,259,10-07-2023 09:31,28-07-2023 00:00,128,P,132.04,0.05,1.266276285
261,260,10-07-2023 09:31,28-07-2023 00:00,129,C,132.04,0.05,4.984327698
262,261,10-07-2023 09:31,28-07-2023 00:00,129,P,132.04,0.05,1.635105305
263,262,10-07-2023 09:31,28-07-2023 00:00,130,C,132.04,0.05,4.28877736
264,263,10-07-2023 09:31,28-07-2023 00:00,130,P,132.04,0.05,1.88214738
265,264,10-07-2023 09:31,28-07-2023 00:00,131,C,132.04,0.05,3.698144578
266,265,10-07-2023 09:31,28-07-2023 00:00,131,P,132.04,0.05,2.340083567
267,266,10-07-2023 09:31,28-07-2023 00:00,132,C,132.04,0.05,3.164514843
268,267,10-07-2023 09:31,28-07-2023 00:00,132,P,132.04,0.05,2.708647212
269,268,10-07-2023 09:31,28-07-2023 00:00,133,C,132.04,0.05,2.604423554
270,269,10-07-2023 09:31,28-07-2023 00:00,133,P,132.04,0.05,3.289100023
271,270,10-07-2023 09:31,28-07-2023 00:00,134,C,132.04,0.05,2.160681701
272,271,10-07-2023 09:31,28-07-2023 00:00,134,P,132.04,0.05,3.872560943
273,272,10-07-2023 09:31,28-07-2023 00:00,135,C,132.04,0.05,1.772346313
274,273,10-07-2023 09:31,28-07-2023 00:00,135,P,132.04,0.05,4.352892791
275,274,10-07-2023 09:31,28-07-2023 00:00,136,C,132.04,0.05,1.440413414
276,275,10-07-2023 09:31,28-07-2023 00:00,136,P,132.04,0.05,5.036404727
277,276,10-07-2023 09:31,28-07-2023 00:00,137,C,132.04,0.05,1.151674433
278,277,10-07-2023 09:31,28-07-2023 00:00,137,P,132.04,0.05,5.720849228
279,278,10-07-2023 09:31,28-07-2023 00:00,138,C,132.04,0.05,0.982653797
280,279,10-07-2023 09:31,28-07-2023 00:00,138,P,132.04,0.05,6.504476416
281,280,10-07-2023 09:31,28-07-2023 00:00,139,C,132.04,0.05,0.734270417
282,281,10-07-2023 09:31,28-07-2023 00:00,139,P,132.04,0.05,7.287285184
283,282,10-07-2023 09:31,28-07-2023 00:00,140,C,132.04,0.05,0.583767063
284,283,10-07-2023 09:31,28-07-2023 00:00,140,P,132.04,0.05,8.118281354
285,284,10-07-2023 09:31,28-07-2023 00:00,141,C,132.04,0.05,0.455370325
286,285,10-07-2023 09:31,28-07-2023 00:00,141,P,132.04,0.05,8.998896204
287,286,10-07-2023 09:31,28-07-2023 00:00,142,C,132.04,0.05,0.432852649
288,287,10-07-2023 09:31,28-07-2023 00:00,142,P,132.04,0.05,9.881879383
289,288,10-07-2023 09:31,28-07-2023 00:00,143,C,132.04,0.05,0.302586038
290,289,10-07-2023 09:31,28-07-2023 00:00,143,P,132.04,0.05,0
291,290,10-07-2023 09:31,28-07-2023 00:00,144,C,132.04,0.05,0.427671592
292,291,10-07-2023 09:31,28-07-2023 00:00,144,P,132.04,0.05,0
293,292,10-07-2023 09:31,28-07-2023 00:00,145,C,132.04,0.05,0.173121242
294,293,10-07-2023 09:31,28-07-2023 00:00,145,P,132.04,0.05,12.77748065
295,294,10-07-2023 09:31,28-07-2023 00:00,146,C,132.04,0.05,0.380891431
296,295,10-07-2023 09:31,28-07-2023 00:00,146,P,132.04,0.05,13.8147607
297,296,10-07-2023 09:31,28-07-2023 00:00,147,C,132.04,0.05,0.369936624
298,297,10-07-2023 09:31,28-07-2023 00:00,147,P,132.04,0.05,14.78644487
299,298,10-07-2023 09:31,28-07-2023 00:00,148,C,132.04,0.05,0.363577848
300,299,10-07-2023 09:31,28-07-2023 00:00,148,P,132.04,0.05,15.76580685
301,300,10-07-2023 09:31,28-07-2023 00:00,149,C,132.04,0.05,0.087847942
302,301,10-07-2023 09:31,28-07-2023 00:00,149,P,132.04,0.05,16.81694374
303,302,10-07-2023 09:31,28-07-2023 00:00,150,C,132.04,0.05,0.078395717
304,303,10-07-2023 09:31,28-07-2023 00:00,150,P,132.04,0.05,17.83452336
305,304,10-07-2023 09:31,28-07-2023 00:00,152.5,C,132.04,0.05,0.051178785
306,305,10-07-2023 09:31,28-07-2023 00:00,152.5,P,132.04,0.05,20.32612121
307,306,10-07-2023 09:31,28-07-2023 00:00,155,C,132.04,0.05,0.050604584
308,307,10-07-2023 09:31,28-07-2023 00:00,155,P,132.04,0.05,0
309,308,10-07-2023 09:31,28-07-2023 00:00,160,C,132.04,0.05,0.04083217
310,309,10-07-2023 09:31,28-07-2023 00:00,160,P,132.04,0.05,0
311,310,10-07-2023 09:31,28-07-2023 00:00,165,C,132.04,0.05,0.032044089
312,311,10-07-2023 09:31,28-07-2023 00:00,165,P,132.04,0.05,0
313,312,10-07-2023 09:31,28-07-2023 00:00,170,C,132.04,0.05,0.031711277
314,313,10-07-2023 09:31,28-07-2023 00:00,170,P,132.04,0.05,0
315,314,10-07-2023 09:31,28-07-2023 00:00,175,C,132.04,0.05,0.027332247
316,315,10-07-2023 09:31,28-07-2023 00:00,175,P,132.04,0.05,42.76658457
317,316,10-07-2023 09:31,28-07-2023 00:00,180,C,132.04,0.05,0.068391015
318,317,10-07-2023 09:31,28-07-2023 00:00,180,P,132.04,0.05,0
319,318,10-07-2023 09:31,04-08-2023 00:00,80,C,132.04,0.05,52.37217168
320,319,10-07-2023 09:31,04-08-2023 00:00,80,P,132.04,0.05,0.040190943
321,320,10-07-2023 09:31,04-08-2023 00:00,85,C,132.04,0.05,0
322,321,10-07-2023 09:31,04-08-2023 00:00,85,P,132.04,0.05,0.04434482
323,322,10-07-2023 09:31,04-08-2023 00:00,90,C,132.04,0.05,0
324,323,10-07-2023 09:31,04-08-2023 00:00,90,P,132.04,0.05,0.048464372
325,324,10-07-2023 09:31,04-08-2023 00:00,95,C,132.04,0.05,37.43873184
326,325,10-07-2023 09:31,04-08-2023 00:00,95,P,132.04,0.05,0.05259972
327,326,10-07-2023 09:31,04-08-2023 00:00,100,C,132.04,0.05,0
328,327,10-07-2023 09:31,04-08-2023 00:00,100,P,132.04,0.05,0.019531565
329,328,10-07-2023 09:31,04-08-2023 00:00,105,C,132.04,0.05,27.50439169
330,329,10-07-2023 09:31,04-08-2023 00:00,105,P,132.04,0.05,0.069205433
331,330,10-07-2023 09:31,04-08-2023 00:00,110,C,132.04,0.05,22.54810613
332,331,10-07-2023 09:31,04-08-2023 00:00,110,P,132.04,0.05,0.094535605
333,332,10-07-2023 09:31,04-08-2023 00:00,115,C,132.04,0.05,17.59173882
334,333,10-07-2023 09:31,04-08-2023 00:00,115,P,132.04,0.05,0.145829866
335,334,10-07-2023 09:31,04-08-2023 00:00,118,C,132.04,0.05,14.72386362
336,335,10-07-2023 09:31,04-08-2023 00:00,118,P,132.04,0.05,0.292746723
337,336,10-07-2023 09:31,04-08-2023 00:00,119,C,132.04,0.05,13.76866536
338,337,10-07-2023 09:31,04-08-2023 00:00,119,P,132.04,0.05,0.33713303
339,338,10-07-2023 09:31,04-08-2023 00:00,120,C,132.04,0.05,12.83593178
340,339,10-07-2023 09:31,04-08-2023 00:00,120,P,132.04,0.05,0.318695611
341,340,10-07-2023 09:31,04-08-2023 00:00,121,C,132.04,0.05,11.82752516
342,341,10-07-2023 09:31,04-08-2023 00:00,121,P,132.04,0.05,0.39862906
343,342,10-07-2023 09:31,04-08-2023 00:00,122,C,132.04,0.05,10.87230607
344,343,10-07-2023 09:31,04-08-2023 00:00,122,P,132.04,0.05,0.467201282
345,344,10-07-2023 09:31,04-08-2023 00:00,123,C,132.04,0.05,10.08527925
346,345,10-07-2023 09:31,04-08-2023 00:00,123,P,132.04,0.05,0.560694979
347,346,10-07-2023 09:31,04-08-2023 00:00,124,C,132.04,0.05,9.216212604
348,347,10-07-2023 09:31,04-08-2023 00:00,124,P,132.04,0.05,0.689036129
349,348,10-07-2023 09:31,04-08-2023 00:00,125,C,132.04,0.05,8.363258513
350,349,10-07-2023 09:31,04-08-2023 00:00,125,P,132.04,0.05,0.839220165
351,350,10-07-2023 09:31,04-08-2023 00:00,126,C,132.04,0.05,7.54944831
352,351,10-07-2023 09:31,04-08-2023 00:00,126,P,132.04,0.05,0.911701337
353,352,10-07-2023 09:31,04-08-2023 00:00,127,C,132.04,0.05,6.730650892
354,353,10-07-2023 09:31,04-08-2023 00:00,127,P,132.04,0.05,1.23029209
355,354,10-07-2023 09:31,04-08-2023 00:00,128,C,132.04,0.05,5.998790846
356,355,10-07-2023 09:31,04-08-2023 00:00,128,P,132.04,0.05,1.476887419
357,356,10-07-2023 09:31,04-08-2023 00:00,129,C,132.04,0.05,5.303248822
358,357,10-07-2023 09:31,04-08-2023 00:00,129,P,132.04,0.05,1.75468859
359,358,10-07-2023 09:31,04-08-2023 00:00,130,C,132.04,0.05,4.6207
360,359,10-07-2023 09:31,04-08-2023 00:00,130,P,132.04,0.05,2.090209802
361,360,10-07-2023 09:31,04-08-2023 00:00,131,C,132.04,0.05,3.983674278
362,361,10-07-2023 09:31,04-08-2023 00:00,131,P,132.04,0.05,2.452988547
363,362,10-07-2023 09:31,04-08-2023 00:00,132,C,132.04,0.05,3.421106509
364,363,10-07-2023 09:31,04-08-2023 00:00,132,P,132.04,0.05,2.888653194
365,364,10-07-2023 09:31,04-08-2023 00:00,133,C,132.04,0.05,2.90899447
366,365,10-07-2023 09:31,04-08-2023 00:00,133,P,132.04,0.05,3.348764017
367,366,10-07-2023 09:31,04-08-2023 00:00,134,C,132.04,0.05,2.350785462
368,367,10-07-2023 09:31,04-08-2023 00:00,134,P,132.04,0.05,3.877618096
369,368,10-07-2023 09:31,04-08-2023 00:00,135,C,132.04,0.05,2.054871346
370,369,10-07-2023 09:31,04-08-2023 00:00,135,P,132.04,0.05,4.5070528
371,370,10-07-2023 09:31,04-08-2023 00:00,136,C,132.04,0.05,1.701409821
372,371,10-07-2023 09:31,04-08-2023 00:00,136,P,132.04,0.05,5.161834614
373,372,10-07-2023 09:31,04-08-2023 00:00,137,C,132.04,0.05,1.386570304
374,373,10-07-2023 09:31,04-08-2023 00:00,137,P,132.04,0.05,5.84001025
375,374,10-07-2023 09:31,04-08-2023 00:00,138,C,132.04,0.05,1.136216015
376,375,10-07-2023 09:31,04-08-2023 00:00,138,P,132.04,0.05,6.592700023
377,376,10-07-2023 09:31,04-08-2023 00:00,139,C,132.04,0.05,0.923232278
378,377,10-07-2023 09:31,04-08-2023 00:00,139,P,132.04,0.05,7.369152772
379,378,10-07-2023 09:31,04-08-2023 00:00,140,C,132.04,0.05,0.755490697
380,379,10-07-2023 09:31,04-08-2023 00:00,140,P,132.04,0.05,8.166333302
381,380,10-07-2023 09:31,04-08-2023 00:00,141,C,132.04,0.05,0.506400027
382,381,10-07-2023 09:31,04-08-2023 00:00,141,P,132.04,0.05,9.013353938
383,382,10-07-2023 09:31,04-08-2023 00:00,142,C,132.04,0.05,0.415787554
384,383,10-07-2023 09:31,04-08-2023 00:00,142,P,132.04,0.05,9.879723089
385,384,10-07-2023 09:31,04-08-2023 00:00,143,C,132.04,0.05,0.340282272
386,385,10-07-2023 09:31,04-08-2023 00:00,143,P,132.04,0.05,10.81536609
387,386,10-07-2023 09:31,04-08-2023 00:00,144,C,132.04,0.05,0.314178667
388,387,10-07-2023 09:31,04-08-2023 00:00,144,P,132.04,0.05,0
389,388,10-07-2023 09:31,04-08-2023 00:00,145,C,132.04,0.05,0.254533488
390,389,10-07-2023 09:31,04-08-2023 00:00,145,P,132.04,0.05,12.76405623
391,390,10-07-2023 09:31,04-08-2023 00:00,146,C,132.04,0.05,0.205479074
392,391,10-07-2023 09:31,04-08-2023 00:00,146,P,132.04,0.05,13.75870143
393,392,10-07-2023 09:31,04-08-2023 00:00,147,C,132.04,0.05,0.238002041
394,393,10-07-2023 09:31,04-08-2023 00:00,147,P,132.04,0.05,0
395,394,10-07-2023 09:31,04-08-2023 00:00,148,C,132.04,0.05,0.213189615
396,395,10-07-2023 09:31,04-08-2023 00:00,148,P,132.04,0.05,0
397,396,10-07-2023 09:31,04-08-2023 00:00,150,C,132.04,0.05,0.101732304
398,397,10-07-2023 09:31,04-08-2023 00:00,150,P,132.04,0.05,17.63403099
399,398,10-07-2023 09:31,04-08-2023 00:00,152.5,C,132.04,0.05,0.077583648
400,399,10-07-2023 09:31,04-08-2023 00:00,152.5,P,132.04,0.05,0
401,400,10-07-2023 09:31,04-08-2023 00:00,155,C,132.04,0.05,0.063229183
402,401,10-07-2023 09:31,04-08-2023 00:00,155,P,132.04,0.05,0
403,402,10-07-2023 09:31,04-08-2023 00:00,160,C,132.04,0.05,0.053428005
404,403,10-07-2023 09:31,04-08-2023 00:00,160,P,132.04,0.05,0
405,404,10-07-2023 09:31,04-08-2023 00:00,165,C,132.04,0.05,0.11591293
406,405,10-07-2023 09:31,04-08-2023 00:00,165,P,132.04,0.05,0
407,406,10-07-2023 09:31,04-08-2023 00:00,170,C,132.04,0.05,0.110655168
408,407,10-07-2023 09:31,04-08-2023 00:00,170,P,132.04,0.05,0
409,408,10-07-2023 09:31,04-08-2023 00:00,175,C,132.04,0.05,0.038859697
410,409,10-07-2023 09:31,04-08-2023 00:00,175,P,132.04,0.05,0
411,410,10-07-2023 09:31,04-08-2023 00:00,180,C,132.04,0.05,0.038591578
412,411,10-07-2023 09:31,04-08-2023 00:00,180,P,132.04,0.05,0
413,412,10-07-2023 09:31,11-08-2023 00:00,80,C,132.04,0.05,0
414,413,10-07-2023 09:31,11-08-2023 00:00,80,P,132.04,0.05,0.042699012
415,414,10-07-2023 09:31,11-08-2023 00:00,85,C,132.04,0.05,0
416,415,10-07-2023 09:31,11-08-2023 00:00,85,P,132.04,0.05,0.041714056
417,416,10-07-2023 09:31,11-08-2023 00:00,90,C,132.04,0.05,0
418,417,10-07-2023 09:31,11-08-2023 00:00,90,P,132.04,0.05,0.040574448
419,418,10-07-2023 09:31,11-08-2023 00:00,95,C,132.04,0.05,0
420,419,10-07-2023 09:31,11-08-2023 00:00,95,P,132.04,0.05,0.042762283
421,420,10-07-2023 09:31,11-08-2023 00:00,100,C,132.04,0.05,0
422,421,10-07-2023 09:31,11-08-2023 00:00,100,P,132.04,0.05,0.120942716
423,422,10-07-2023 09:31,11-08-2023 00:00,105,C,132.04,0.05,0
424,423,10-07-2023 09:31,11-08-2023 00:00,105,P,132.04,0.05,0.13077764
425,424,10-07-2023 09:31,11-08-2023 00:00,110,C,132.04,0.05,0
426,425,10-07-2023 09:31,11-08-2023 00:00,110,P,132.04,0.05,0.171129346
427,426,10-07-2023 09:31,11-08-2023 00:00,115,C,132.04,0.05,17.66305161
428,427,10-07-2023 09:31,11-08-2023 00:00,115,P,132.04,0.05,0.221908422
429,428,10-07-2023 09:31,11-08-2023 00:00,118,C,132.04,0.05,14.83049232
430,429,10-07-2023 09:31,11-08-2023 00:00,118,P,132.04,0.05,0.223230909
431,430,10-07-2023 09:31,11-08-2023 00:00,119,C,132.04,0.05,14.39677998
432,431,10-07-2023 09:31,11-08-2023 00:00,119,P,132.04,0.05,0.305103815
433,432,10-07-2023 09:31,11-08-2023 00:00,120,C,132.04,0.05,13.4132522
434,433,10-07-2023 09:31,11-08-2023 00:00,120,P,132.04,0.05,0.383233073
435,434,10-07-2023 09:31,11-08-2023 00:00,121,C,132.04,0.05,12.0613012
436,435,10-07-2023 09:31,11-08-2023 00:00,121,P,132.04,0.05,0.458187364
437,436,10-07-2023 09:31,11-08-2023 00:00,122,C,132.04,0.05,11.47051311
438,437,10-07-2023 09:31,11-08-2023 00:00,122,P,132.04,0.05,0.551280695
439,438,10-07-2023 09:31,11-08-2023 00:00,123,C,132.04,0.05,10.25295481
440,439,10-07-2023 09:31,11-08-2023 00:00,123,P,132.04,0.05,0.754102374
441,440,10-07-2023 09:31,11-08-2023 00:00,124,C,132.04,0.05,9.410837017
442,441,10-07-2023 09:31,11-08-2023 00:00,124,P,132.04,0.05,0.886641051
443,442,10-07-2023 09:31,11-08-2023 00:00,125,C,132.04,0.05,8.553449854
444,443,10-07-2023 09:31,11-08-2023 00:00,125,P,132.04,0.05,1.043500074
445,444,10-07-2023 09:31,11-08-2023 00:00,126,C,132.04,0.05,7.749733523
446,445,10-07-2023 09:31,11-08-2023 00:00,126,P,132.04,0.05,1.140736396
447,446,10-07-2023 09:31,11-08-2023 00:00,127,C,132.04,0.05,6.986026647
448,447,10-07-2023 09:31,11-08-2023 00:00,127,P,132.04,0.05,1.357647992
449,448,10-07-2023 09:31,11-08-2023 00:00,128,C,132.04,0.05,6.250370245
450,449,10-07-2023 09:31,11-08-2023 00:00,128,P,132.04,0.05,1.539928002
451,450,10-07-2023 09:31,11-08-2023 00:00,129,C,132.04,0.05,5.545798381
452,451,10-07-2023 09:31,11-08-2023 00:00,129,P,132.04,0.05,1.878744912
453,452,10-07-2023 09:31,11-08-2023 00:00,130,C,132.04,0.05,4.89172586
454,453,10-07-2023 09:31,11-08-2023 00:00,130,P,132.04,0.05,2.219607846
455,454,10-07-2023 09:31,11-08-2023 00:00,131,C,132.04,0.05,4.453963542
456,455,10-07-2023 09:31,11-08-2023 00:00,131,P,132.04,0.05,2.582951206
457,456,10-07-2023 09:31,11-08-2023 00:00,132,C,132.04,0.05,3.87271674
458,457,10-07-2023 09:31,11-08-2023 00:00,132,P,132.04,0.05,3.04428348
459,458,10-07-2023 09:31,11-08-2023 00:00,133,C,132.04,0.05,3.156607365
460,459,10-07-2023 09:31,11-08-2023 00:00,133,P,132.04,0.05,3.50542689
461,460,10-07-2023 09:31,11-08-2023 00:00,134,C,132.04,0.05,2.813794061
462,461,10-07-2023 09:31,11-08-2023 00:00,134,P,132.04,0.05,4.044649963
463,462,10-07-2023 09:31,11-08-2023 00:00,135,C,132.04,0.05,2.317263932
464,463,10-07-2023 09:31,11-08-2023 00:00,135,P,132.04,0.05,4.636809069
465,464,10-07-2023 09:31,11-08-2023 00:00,136,C,132.04,0.05,1.955093415
466,465,10-07-2023 09:31,11-08-2023 00:00,136,P,132.04,0.05,5.257168297
467,466,10-07-2023 09:31,11-08-2023 00:00,137,C,132.04,0.05,1.547251064
468,467,10-07-2023 09:31,11-08-2023 00:00,137,P,132.04,0.05,5.970115646
469,468,10-07-2023 09:31,11-08-2023 00:00,138,C,132.04,0.05,1.414400639
470,469,10-07-2023 09:31,11-08-2023 00:00,138,P,132.04,0.05,6.706155341
471,470,10-07-2023 09:31,11-08-2023 00:00,139,C,132.04,0.05,1.150800395
472,471,10-07-2023 09:31,11-08-2023 00:00,139,P,132.04,0.05,7.462394618
473,472,10-07-2023 09:31,11-08-2023 00:00,140,C,132.04,0.05,0.830251523
474,473,10-07-2023 09:31,11-08-2023 00:00,140,P,132.04,0.05,8.258848419
475,474,10-07-2023 09:31,11-08-2023 00:00,141,C,132.04,0.05,0.802478945
476,475,10-07-2023 09:31,11-08-2023 00:00,141,P,132.04,0.05,9.677326014
477,476,10-07-2023 09:31,11-08-2023 00:00,142,C,132.04,0.05,0.621183065
478,477,10-07-2023 09:31,11-08-2023 00:00,142,P,132.04,0.05,9.97767329
479,478,10-07-2023 09:31,11-08-2023 00:00,143,C,132.04,0.05,0.490252552
480,479,10-07-2023 09:31,11-08-2023 00:00,143,P,132.04,0.05,11.49870895
481,480,10-07-2023 09:31,11-08-2023 00:00,144,C,132.04,0.05,0.586726063
482,481,10-07-2023 09:31,11-08-2023 00:00,144,P,132.04,0.05,12.42694691
483,482,10-07-2023 09:31,11-08-2023 00:00,145,C,132.04,0.05,0.500985182
484,483,10-07-2023 09:31,11-08-2023 00:00,145,P,132.04,0.05,13.35662233
485,484,10-07-2023 09:31,11-08-2023 00:00,146,C,132.04,0.05,0.437084582
486,485,10-07-2023 09:31,11-08-2023 00:00,146,P,132.04,0.05,14.28840417
487,486,10-07-2023 09:31,11-08-2023 00:00,147,C,132.04,0.05,0.355720185
488,487,10-07-2023 09:31,11-08-2023 00:00,147,P,132.04,0.05,15.23082363
489,488,10-07-2023 09:31,11-08-2023 00:00,148,C,132.04,0.05,0.317359398
490,489,10-07-2023 09:31,11-08-2023 00:00,148,P,132.04,0.05,15.64480178
491,490,10-07-2023 09:31,11-08-2023 00:00,150,C,132.04,0.05,0.261937882
492,491,10-07-2023 09:31,11-08-2023 00:00,150,P,132.04,0.05,17.55361951
493,492,10-07-2023 09:31,11-08-2023 00:00,152.5,C,132.04,0.05,0.109791489
494,493,10-07-2023 09:31,11-08-2023 00:00,152.5,P,132.04,0.05,19.97191023
495,494,10-07-2023 09:31,11-08-2023 00:00,155,C,132.04,0.05,0.197174896
496,495,10-07-2023 09:31,11-08-2023 00:00,155,P,132.04,0.05,22.37009548
497,496,10-07-2023 09:31,11-08-2023 00:00,160,C,132.04,0.05,0.189057393
498,497,10-07-2023 09:31,11-08-2023 00:00,160,P,132.04,0.05,27.40393388
499,498,10-07-2023 09:31,11-08-2023 00:00,165,C,132.04,0.05,0.180200381
500,499,10-07-2023 09:31,11-08-2023 00:00,165,P,132.04,0.05,32.43313814
501,500,10-07-2023 09:31,11-08-2023 00:00,170,C,132.04,0.05,0.173291459
502,501,10-07-2023 09:31,11-08-2023 00:00,170,P,132.04,0.05,37.28254105
503,502,10-07-2023 09:31,11-08-2023 00:00,175,C,132.04,0.05,0.170599899
504,503,10-07-2023 09:31,11-08-2023 00:00,175,P,132.04,0.05,0
505,504,10-07-2023 09:31,11-08-2023 00:00,180,C,132.04,0.05,0.094472437
506,505,10-07-2023 09:31,11-08-2023 00:00,180,P,132.04,0.05,47.22857441
507,506,10-07-2023 09:31,18-08-2023 00:00,65,C,132.04,0.05,0
508,507,10-07-2023 09:31,18-08-2023 00:00,65,P,132.04,0.05,0.03453464
509,508,10-07-2023 09:31,18-08-2023 00:00,70,C,132.04,0.05,62.57237594
510,509,10-07-2023 09:31,18-08-2023 00:00,70,P,132.04,0.05,0.014590543
511,510,10-07-2023 09:31,18-08-2023 00:00,75,C,132.04,0.05,57.44673019
512,511,10-07-2023 09:31,18-08-2023 00:00,75,P,132.04,0.05,0.014270171
513,512,10-07-2023 09:31,18-08-2023 00:00,80,C,132.04,0.05,0
514,513,10-07-2023 09:31,18-08-2023 00:00,80,P,132.04,0.05,0.017615213
515,514,10-07-2023 09:31,18-08-2023 00:00,85,C,132.04,0.05,47.51317053
516,515,10-07-2023 09:31,18-08-2023 00:00,85,P,132.04,0.05,0.020746696
517,516,10-07-2023 09:31,18-08-2023 00:00,90,C,132.04,0.05,0
518,517,10-07-2023 09:31,18-08-2023 00:00,90,P,132.04,0.05,0.023680758
519,518,10-07-2023 09:31,18-08-2023 00:00,95,C,132.04,0.05,0
520,519,10-07-2023 09:31,18-08-2023 00:00,95,P,132.04,0.05,0.070426111
521,520,10-07-2023 09:31,18-08-2023 00:00,100,C,132.04,0.05,32.61064152
522,521,10-07-2023 09:31,18-08-2023 00:00,100,P,132.04,0.05,0.035398335
523,522,10-07-2023 09:31,18-08-2023 00:00,105,C,132.04,0.05,27.64146651
524,523,10-07-2023 09:31,18-08-2023 00:00,105,P,132.04,0.05,0.068114536
525,524,10-07-2023 09:31,18-08-2023 00:00,110,C,132.04,0.05,22.7101283
526,525,10-07-2023 09:31,18-08-2023 00:00,110,P,132.04,0.05,0.087699624
527,526,10-07-2023 09:31,18-08-2023 00:00,115,C,132.04,0.05,18.39790977
528,527,10-07-2023 09:31,18-08-2023 00:00,115,P,132.04,0.05,0.214173051
529,528,10-07-2023 09:31,18-08-2023 00:00,120,C,132.04,0.05,13.16419234
530,529,10-07-2023 09:31,18-08-2023 00:00,120,P,132.04,0.05,0.472233302
531,530,10-07-2023 09:31,18-08-2023 00:00,125,C,132.04,0.05,8.857712403
532,531,10-07-2023 09:31,18-08-2023 00:00,125,P,132.04,0.05,1.12095311
533,532,10-07-2023 09:31,18-08-2023 00:00,130,C,132.04,0.05,5.166491654
534,533,10-07-2023 09:31,18-08-2023 00:00,130,P,132.04,0.05,2.294212367
535,534,10-07-2023 09:31,18-08-2023 00:00,135,C,132.04,0.05,2.701411084
536,535,10-07-2023 09:31,18-08-2023 00:00,135,P,132.04,0.05,4.845815504
537,536,10-07-2023 09:31,18-08-2023 00:00,140,C,132.04,0.05,1.132077821
538,537,10-07-2023 09:31,18-08-2023 00:00,140,P,132.04,0.05,8.31301941
539,538,10-07-2023 09:31,18-08-2023 00:00,145,C,132.04,0.05,0.465270287
540,539,10-07-2023 09:31,18-08-2023 00:00,145,P,132.04,0.05,13.28254785
541,540,10-07-2023 09:31,18-08-2023 00:00,150,C,132.04,0.05,0.262285544
542,541,10-07-2023 09:31,18-08-2023 00:00,150,P,132.04,0.05,17.99269832
543,542,10-07-2023 09:31,18-08-2023 00:00,155,C,132.04,0.05,0.136621213
544,543,10-07-2023 09:31,18-08-2023 00:00,155,P,132.04,0.05,22.28207397
545,544,10-07-2023 09:31,18-08-2023 00:00,160,C,132.04,0.05,0.036823537
546,545,10-07-2023 09:31,18-08-2023 00:00,160,P,132.04,0.05,27.14958835
547,546,10-07-2023 09:31,18-08-2023 00:00,165,C,132.04,0.05,0.034983391
548,547,10-07-2023 09:31,18-08-2023 00:00,165,P,132.04,0.05,32.2406005
549,548,10-07-2023 09:31,18-08-2023 00:00,170,C,132.04,0.05,0.033676207
550,549,10-07-2023 09:31,18-08-2023 00:00,170,P,132.04,0.05,37.13715053
551,550,10-07-2023 09:31,18-08-2023 00:00,175,C,132.04,0.05,0.056742693
552,551,10-07-2023 09:31,18-08-2023 00:00,175,P,132.04,0.05,0
553,552,10-07-2023 09:31,18-08-2023 00:00,180,C,132.04,0.05,0.025774141
554,553,10-07-2023 09:31,18-08-2023 00:00,180,P,132.04,0.05,47.03428343
555,554,10-07-2023 09:31,18-08-2023 00:00,185,C,132.04,0.05,0.048660261
556,555,10-07-2023 09:31,18-08-2023 00:00,185,P,132.04,0.05,52.12358268
557,556,10-07-2023 09:31,18-08-2023 00:00,190,C,132.04,0.05,0.047788408
558,557,10-07-2023 09:31,18-08-2023 00:00,190,P,132.04,0.05,56.99396137
559,558,10-07-2023 09:31,18-08-2023 00:00,195,C,132.04,0.05,0.047104799
560,559,10-07-2023 09:31,18-08-2023 00:00,195,P,132.04,0.05,62.04034043
561,560,10-07-2023 09:31,18-08-2023 00:00,200,C,132.04,0.05,0.046514485
562,561,10-07-2023 09:31,18-08-2023 00:00,200,P,132.04,0.05,0
563,562,10-07-2023 09:31,18-08-2023 00:00,205,C,132.04,0.05,0.045949774
564,563,10-07-2023 09:31,18-08-2023 00:00,205,P,132.04,0.05,0
565,564,10-07-2023 09:31,25-08-2023 00:00,80,C,132.04,0.05,0
566,565,10-07-2023 09:31,25-08-2023 00:00,80,P,132.04,0.05,0.135267352
567,566,10-07-2023 09:31,25-08-2023 00:00,85,C,132.04,0.05,0
568,567,10-07-2023 09:31,25-08-2023 00:00,85,P,132.04,0.05,0.052220208
569,568,10-07-2023 09:31,25-08-2023 00:00,90,C,132.04,0.05,0
570,569,10-07-2023 09:31,25-08-2023 00:00,90,P,132.04,0.05,0.0546687
571,570,10-07-2023 09:31,25-08-2023 00:00,95,C,132.04,0.05,0
572,571,10-07-2023 09:31,25-08-2023 00:00,95,P,132.04,0.05,0.143217219
573,572,10-07-2023 09:31,25-08-2023 00:00,100,C,132.04,0.05,0
574,573,10-07-2023 09:31,25-08-2023 00:00,100,P,132.04,0.05,0.150685351
575,574,10-07-2023 09:31,25-08-2023 00:00,105,C,132.04,0.05,0
576,575,10-07-2023 09:31,25-08-2023 00:00,105,P,132.04,0.05,0.088040993
577,576,10-07-2023 09:31,25-08-2023 00:00,110,C,132.04,0.05,0
578,577,10-07-2023 09:31,25-08-2023 00:00,110,P,132.04,0.05,0.119014868
579,578,10-07-2023 09:31,25-08-2023 00:00,115,C,132.04,0.05,18.02101918
580,579,10-07-2023 09:31,25-08-2023 00:00,115,P,132.04,0.05,0.199619687
581,580,10-07-2023 09:31,25-08-2023 00:00,120,C,132.04,0.05,13.32341057
582,581,10-07-2023 09:31,25-08-2023 00:00,120,P,132.04,0.05,0.658246314
583,582,10-07-2023 09:31,25-08-2023 00:00,121,C,132.04,0.05,12.53708347
584,583,10-07-2023 09:31,25-08-2023 00:00,121,P,132.04,0.05,0.572442556
585,584,10-07-2023 09:31,25-08-2023 00:00,122,C,132.04,0.05,11.86759006
586,585,10-07-2023 09:31,25-08-2023 00:00,122,P,132.04,0.05,0.681118862
587,586,10-07-2023 09:31,25-08-2023 00:00,123,C,132.04,0.05,10.77922849
588,587,10-07-2023 09:31,25-08-2023 00:00,123,P,132.04,0.05,0.876301141
589,588,10-07-2023 09:31,25-08-2023 00:00,124,C,132.04,0.05,9.935689928
590,589,10-07-2023 09:31,25-08-2023 00:00,124,P,132.04,0.05,1.06468701
591,590,10-07-2023 09:31,25-08-2023 00:00,125,C,132.04,0.05,9.116763796
592,591,10-07-2023 09:31,25-08-2023 00:00,125,P,132.04,0.05,1.313945261
593,592,10-07-2023 09:31,25-08-2023 00:00,126,C,132.04,0.05,8.344277352
594,593,10-07-2023 09:31,25-08-2023 00:00,126,P,132.04,0.05,1.431398094
595,594,10-07-2023 09:31,25-08-2023 00:00,127,C,132.04,0.05,7.568482134
596,595,10-07-2023 09:31,25-08-2023 00:00,127,P,132.04,0.05,1.665882449
597,596,10-07-2023 09:31,25-08-2023 00:00,128,C,132.04,0.05,6.862032557
598,597,10-07-2023 09:31,25-08-2023 00:00,128,P,132.04,0.05,1.943639677
599,598,10-07-2023 09:31,25-08-2023 00:00,129,C,132.04,0.05,6.154056804
600,599,10-07-2023 09:31,25-08-2023 00:00,129,P,132.04,0.05,2.085979187
601,600,10-07-2023 09:31,25-08-2023 00:00,130,C,132.04,0.05,5.480876214
602,601,10-07-2023 09:31,25-08-2023 00:00,130,P,132.04,0.05,2.57016542
603,602,10-07-2023 09:31,25-08-2023 00:00,131,C,132.04,0.05,4.870258305
604,603,10-07-2023 09:31,25-08-2023 00:00,131,P,132.04,0.05,2.987359677
605,604,10-07-2023 09:31,25-08-2023 00:00,132,C,132.04,0.05,4.388299453
606,605,10-07-2023 09:31,25-08-2023 00:00,132,P,132.04,0.05,3.434323044
607,606,10-07-2023 09:31,25-08-2023 00:00,133,C,132.04,0.05,3.714588901
608,607,10-07-2023 09:31,25-08-2023 00:00,133,P,132.04,0.05,3.899778706
609,608,10-07-2023 09:31,25-08-2023 00:00,134,C,132.04,0.05,3.227136857
610,609,10-07-2023 09:31,25-08-2023 00:00,134,P,132.04,0.05,4.310209193
611,610,10-07-2023 09:31,25-08-2023 00:00,135,C,132.04,0.05,2.892099164
612,611,10-07-2023 09:31,25-08-2023 00:00,135,P,132.04,0.05,4.86621726
613,612,10-07-2023 09:31,25-08-2023 00:00,136,C,132.04,0.05,2.490120421
614,613,10-07-2023 09:31,25-08-2023 00:00,136,P,132.04,0.05,5.454987868
615,614,10-07-2023 09:31,25-08-2023 00:00,137,C,132.04,0.05,2.159951477
616,615,10-07-2023 09:31,25-08-2023 00:00,137,P,132.04,0.05,6.134446377
617,616,10-07-2023 09:31,25-08-2023 00:00,138,C,132.04,0.05,1.804378868
618,617,10-07-2023 09:31,25-08-2023 00:00,138,P,132.04,0.05,6.852723632
619,618,10-07-2023 09:31,25-08-2023 00:00,139,C,132.04,0.05,1.50085149
620,619,10-07-2023 09:31,25-08-2023 00:00,139,P,132.04,0.05,7.58051326
621,620,10-07-2023 09:31,25-08-2023 00:00,140,C,132.04,0.05,1.205699634
622,621,10-07-2023 09:31,25-08-2023 00:00,140,P,132.04,0.05,8.336727497
623,622,10-07-2023 09:31,25-08-2023 00:00,141,C,132.04,0.05,1.079522633
624,623,10-07-2023 09:31,25-08-2023 00:00,141,P,132.04,0.05,9.612402362
625,624,10-07-2023 09:31,25-08-2023 00:00,142,C,132.04,0.05,0.911635762
626,625,10-07-2023 09:31,25-08-2023 00:00,142,P,132.04,0.05,9.983001387
627,626,10-07-2023 09:31,25-08-2023 00:00,143,C,132.04,0.05,0.790530315
628,627,10-07-2023 09:31,25-08-2023 00:00,143,P,132.04,0.05,10.85358382
629,628,10-07-2023 09:31,25-08-2023 00:00,144,C,132.04,0.05,0.664973249
630,629,10-07-2023 09:31,25-08-2023 00:00,144,P,132.04,0.05,11.8708731
631,630,10-07-2023 09:31,25-08-2023 00:00,145,C,132.04,0.05,0.567745081
632,631,10-07-2023 09:31,25-08-2023 00:00,145,P,132.04,0.05,12.79130505
633,632,10-07-2023 09:31,25-08-2023 00:00,146,C,132.04,0.05,0.655210056
634,633,10-07-2023 09:31,25-08-2023 00:00,146,P,132.04,0.05,13.72381542
635,634,10-07-2023 09:31,25-08-2023 00:00,147,C,132.04,0.05,0.431586414
636,635,10-07-2023 09:31,25-08-2023 00:00,147,P,132.04,0.05,14.63394185
637,636,10-07-2023 09:31,25-08-2023 00:00,148,C,132.04,0.05,0.476711957
638,637,10-07-2023 09:31,25-08-2023 00:00,148,P,132.04,0.05,15.55559622
639,638,10-07-2023 09:31,25-08-2023 00:00,150,C,132.04,0.05,0.334828215
640,639,10-07-2023 09:31,25-08-2023 00:00,150,P,132.04,0.05,17.48392244
641,640,10-07-2023 09:31,25-08-2023 00:00,152.5,C,132.04,0.05,0.290078999
642,641,10-07-2023 09:31,25-08-2023 00:00,152.5,P,132.04,0.05,19.8864053
643,642,10-07-2023 09:31,25-08-2023 00:00,155,C,132.04,0.05,0.253331057
644,643,10-07-2023 09:31,25-08-2023 00:00,155,P,132.04,0.05,22.31775831
645,644,10-07-2023 09:31,25-08-2023 00:00,160,C,132.04,0.05,0.096978445
646,645,10-07-2023 09:31,25-08-2023 00:00,160,P,132.04,0.05,27.19482976
647,646,10-07-2023 09:31,25-08-2023 00:00,165,C,132.04,0.05,0.087062659
648,647,10-07-2023 09:31,25-08-2023 00:00,165,P,132.04,0.05,32.13575173
649,648,10-07-2023 09:31,25-08-2023 00:00,170,C,132.04,0.05,0.084237677
650,649,10-07-2023 09:31,25-08-2023 00:00,170,P,132.04,0.05,37.05641947
651,650,10-07-2023 09:31,25-08-2023 00:00,175,C,132.04,0.05,0.117371555
652,651,10-07-2023 09:31,25-08-2023 00:00,175,P,132.04,0.05,42.05179842
653,652,10-07-2023 09:31,25-08-2023 00:00,180,C,132.04,0.05,0.115085305
654,653,10-07-2023 09:31,25-08-2023 00:00,180,P,132.04,0.05,46.97623039
655,654,10-07-2023 09:31,15-09-2023 00:00,65,C,132.04,0.05,67.75895746
656,655,10-07-2023 09:31,15-09-2023 00:00,65,P,132.04,0.05,0.015968708
657,656,10-07-2023 09:31,15-09-2023 00:00,70,C,132.04,0.05,62.78496132
658,657,10-07-2023 09:31,15-09-2023 00:00,70,P,132.04,0.05,0.019690816
659,658,10-07-2023 09:31,15-09-2023 00:00,75,C,132.04,0.05,57.9008402
660,659,10-07-2023 09:31,15-09-2023 00:00,75,P,132.04,0.05,0.027331519
661,660,10-07-2023 09:31,15-09-2023 00:00,80,C,132.04,0.05,52.85056657
662,661,10-07-2023 09:31,15-09-2023 00:00,80,P,132.04,0.05,0.030706841
663,662,10-07-2023 09:31,15-09-2023 00:00,85,C,132.04,0.05,47.90402025
664,663,10-07-2023 09:31,15-09-2023 00:00,85,P,132.04,0.05,0.034013366
665,664,10-07-2023 09:31,15-09-2023 00:00,90,C,132.04,0.05,0
666,665,10-07-2023 09:31,15-09-2023 00:00,90,P,132.04,0.05,0.044486513
667,666,10-07-2023 09:31,15-09-2023 00:00,95,C,132.04,0.05,37.93180453
668,667,10-07-2023 09:31,15-09-2023 00:00,95,P,132.04,0.05,0.062124499
669,668,10-07-2023 09:31,15-09-2023 00:00,100,C,132.04,0.05,0
670,669,10-07-2023 09:31,15-09-2023 00:00,100,P,132.04,0.05,0.087145323
671,670,10-07-2023 09:31,15-09-2023 00:00,105,C,132.04,0.05,28.2128863
672,671,10-07-2023 09:31,15-09-2023 00:00,105,P,132.04,0.05,0.125292027
673,672,10-07-2023 09:31,15-09-2023 00:00,110,C,132.04,0.05,23.67903365
674,673,10-07-2023 09:31,15-09-2023 00:00,110,P,132.04,0.05,0.258048321
675,674,10-07-2023 09:31,15-09-2023 00:00,115,C,132.04,0.05,18.53914874
676,675,10-07-2023 09:31,15-09-2023 00:00,115,P,132.04,0.05,0.428455698
677,676,10-07-2023 09:31,15-09-2023 00:00,120,C,132.04,0.05,14.41576599
678,677,10-07-2023 09:31,15-09-2023 00:00,120,P,132.04,0.05,0.827491452
679,678,10-07-2023 09:31,15-09-2023 00:00,125,C,132.04,0.05,10.06193767
680,679,10-07-2023 09:31,15-09-2023 00:00,125,P,132.04,0.05,1.639164088
681,680,10-07-2023 09:31,15-09-2023 00:00,130,C,132.04,0.05,6.18122171
682,681,10-07-2023 09:31,15-09-2023 00:00,130,P,132.04,0.05,2.994486396
683,682,10-07-2023 09:31,15-09-2023 00:00,135,C,132.04,0.05,3.433455656
684,683,10-07-2023 09:31,15-09-2023 00:00,135,P,132.04,0.05,5.349655551
685,684,10-07-2023 09:31,15-09-2023 00:00,140,C,132.04,0.05,1.657101958
686,685,10-07-2023 09:31,15-09-2023 00:00,140,P,132.04,0.05,8.375778344
687,686,10-07-2023 09:31,15-09-2023 00:00,145,C,132.04,0.05,0.768527814
688,687,10-07-2023 09:31,15-09-2023 00:00,145,P,132.04,0.05,12.3707802
689,688,10-07-2023 09:31,15-09-2023 00:00,150,C,132.04,0.05,0.354405896
690,689,10-07-2023 09:31,15-09-2023 00:00,150,P,132.04,0.05,0
691,690,10-07-2023 09:31,15-09-2023 00:00,155,C,132.04,0.05,0.179757849
692,691,10-07-2023 09:31,15-09-2023 00:00,155,P,132.04,0.05,22.11772064
693,692,10-07-2023 09:31,15-09-2023 00:00,160,C,132.04,0.05,0.095279464
694,693,10-07-2023 09:31,15-09-2023 00:00,160,P,132.04,0.05,27.00038798
695,694,10-07-2023 09:31,15-09-2023 00:00,165,C,132.04,0.05,0.058361321
696,695,10-07-2023 09:31,15-09-2023 00:00,165,P,132.04,0.05,31.89045528
697,696,10-07-2023 09:31,15-09-2023 00:00,170,C,132.04,0.05,0.036462177
698,697,10-07-2023 09:31,15-09-2023 00:00,170,P,132.04,0.05,36.8677423
699,698,10-07-2023 09:31,15-09-2023 00:00,175,C,132.04,0.05,0.035266932
700,699,10-07-2023 09:31,15-09-2023 00:00,175,P,132.04,0.05,41.76495304
701,700,10-07-2023 09:31,15-09-2023 00:00,180,C,132.04,0.05,0.027883354
702,701,10-07-2023 09:31,15-09-2023 00:00,180,P,132.04,0.05,46.43128884
703,702,10-07-2023 09:31,15-09-2023 00:00,185,C,132.04,0.05,0.027241894
704,703,10-07-2023 09:31,15-09-2023 00:00,185,P,132.04,0.05,51.41277722
705,704,10-07-2023 09:31,15-09-2023 00:00,190,C,132.04,0.05,0.020373635
706,705,10-07-2023 09:31,15-09-2023 00:00,190,P,132.04,0.05,0
707,706,10-07-2023 09:31,15-09-2023 00:00,195,C,132.04,0.05,0.019984129
708,707,10-07-2023 09:31,15-09-2023 00:00,195,P,132.04,0.05,61.40542456
709,708,10-07-2023 09:31,15-09-2023 00:00,200,C,132.04,0.05,0.019661213
710,709,10-07-2023 09:31,15-09-2023 00:00,200,P,132.04,0.05,66.35048837
711,710,10-07-2023 09:31,20-10-2023 00:00,65,C,132.04,0.05,0
712,711,10-07-2023 09:31,20-10-2023 00:00,65,P,132.04,0.05,0.029397108
713,712,10-07-2023 09:31,20-10-2023 00:00,70,C,132.04,0.05,0
714,713,10-07-2023 09:31,20-10-2023 00:00,70,P,132.04,0.05,0.033285263
715,714,10-07-2023 09:31,20-10-2023 00:00,75,C,132.04,0.05,0
716,715,10-07-2023 09:31,20-10-2023 00:00,75,P,132.04,0.05,0.04935739
717,716,10-07-2023 09:31,20-10-2023 00:00,80,C,132.04,0.05,0
718,717,10-07-2023 09:31,20-10-2023 00:00,80,P,132.04,0.05,0.060911657
719,718,10-07-2023 09:31,20-10-2023 00:00,85,C,132.04,0.05,48.83394725
720,719,10-07-2023 09:31,20-10-2023 00:00,85,P,132.04,0.05,0.088838321
721,720,10-07-2023 09:31,20-10-2023 00:00,90,C,132.04,0.05,43.85009684
722,721,10-07-2023 09:31,20-10-2023 00:00,90,P,132.04,0.05,0.119864404
723,722,10-07-2023 09:31,20-10-2023 00:00,95,C,132.04,0.05,38.9148104
724,723,10-07-2023 09:31,20-10-2023 00:00,95,P,132.04,0.05,0.166660373
725,724,10-07-2023 09:31,20-10-2023 00:00,100,C,132.04,0.05,34.05022573
726,725,10-07-2023 09:31,20-10-2023 00:00,100,P,132.04,0.05,0.227869855
727,726,10-07-2023 09:31,20-10-2023 00:00,105,C,132.04,0.05,29.23380862
728,727,10-07-2023 09:31,20-10-2023 00:00,105,P,132.04,0.05,0.331584043
729,728,10-07-2023 09:31,20-10-2023 00:00,110,C,132.04,0.05,24.58296036
730,729,10-07-2023 09:31,20-10-2023 00:00,110,P,132.04,0.05,0.51758724
731,730,10-07-2023 09:31,20-10-2023 00:00,115,C,132.04,0.05,19.48605581
732,731,10-07-2023 09:31,20-10-2023 00:00,115,P,132.04,0.05,0.802142947
733,732,10-07-2023 09:31,20-10-2023 00:00,120,C,132.04,0.05,15.09346529
734,733,10-07-2023 09:31,20-10-2023 00:00,120,P,132.04,0.05,1.275509279
735,734,10-07-2023 09:31,20-10-2023 00:00,125,C,132.04,0.05,11.00128642
736,735,10-07-2023 09:31,20-10-2023 00:00,125,P,132.04,0.05,2.130182509
737,736,10-07-2023 09:31,20-10-2023 00:00,130,C,132.04,0.05,7.431953653
738,737,10-07-2023 09:31,20-10-2023 00:00,130,P,132.04,0.05,3.493310931
739,738,10-07-2023 09:31,20-10-2023 00:00,135,C,132.04,0.05,4.542784183
740,739,10-07-2023 09:31,20-10-2023 00:00,135,P,132.04,0.05,5.556469426
741,740,10-07-2023 09:31,20-10-2023 00:00,140,C,132.04,0.05,2.522995859
742,741,10-07-2023 09:31,20-10-2023 00:00,140,P,132.04,0.05,8.499034144
743,742,10-07-2023 09:31,20-10-2023 00:00,145,C,132.04,0.05,1.386515008
744,743,10-07-2023 09:31,20-10-2023 00:00,145,P,132.04,0.05,11.9196557
745,744,10-07-2023 09:31,20-10-2023 00:00,150,C,132.04,0.05,0.732208263
746,745,10-07-2023 09:31,20-10-2023 00:00,150,P,132.04,0.05,17.05259425
747,746,10-07-2023 09:31,20-10-2023 00:00,155,C,132.04,0.05,0.412608924
748,747,10-07-2023 09:31,20-10-2023 00:00,155,P,132.04,0.05,21.96729453
749,748,10-07-2023 09:31,20-10-2023 00:00,160,C,132.04,0.05,0.233547269
750,749,10-07-2023 09:31,20-10-2023 00:00,160,P,132.04,0.05,26.29666356
751,750,10-07-2023 09:31,20-10-2023 00:00,165,C,132.04,0.05,0.138577724
752,751,10-07-2023 09:31,20-10-2023 00:00,165,P,132.04,0.05,31.25911171
753,752,10-07-2023 09:31,20-10-2023 00:00,170,C,132.04,0.05,0.090478502
754,753,10-07-2023 09:31,20-10-2023 00:00,170,P,132.04,0.05,36.22137365
755,754,10-07-2023 09:31,20-10-2023 00:00,175,C,132.04,0.05,0.068924341
756,755,10-07-2023 09:31,20-10-2023 00:00,175,P,132.04,0.05,41.23791347
757,756,10-07-2023 09:31,20-10-2023 00:00,180,C,132.04,0.05,0.04834409
758,757,10-07-2023 09:31,20-10-2023 00:00,180,P,132.04,0.05,46.24851355
759,758,10-07-2023 09:31,20-10-2023 00:00,185,C,132.04,0.05,0.084672862
760,759,10-07-2023 09:31,20-10-2023 00:00,185,P,132.04,0.05,51.13318237
761,760,10-07-2023 09:31,20-10-2023 00:00,190,C,132.04,0.05,0.077254381
762,761,10-07-2023 09:31,20-10-2023 00:00,190,P,132.04,0.05,56.09687896
763,762,10-07-2023 09:31,20-10-2023 00:00,195,C,132.04,0.05,0.033373153
764,763,10-07-2023 09:31,20-10-2023 00:00,195,P,132.04,0.05,61.10742419
765,764,10-07-2023 09:31,20-10-2023 00:00,200,C,132.04,0.05,0.032865846
766,765,10-07-2023 09:31,20-10-2023 00:00,200,P,132.04,0.05,65.96238989
767,766,10-07-2023 09:31,20-10-2023 00:00,205,C,132.04,0.05,0.026303505
768,767,10-07-2023 09:31,20-10-2023 00:00,205,P,132.04,0.05,71.01739311
769,768,10-07-2023 09:31,19-01-2024 00:00,60,C,132.04,0.05,0
770,769,10-07-2023 09:31,19-01-2024 00:00,60,P,132.04,0.05,0.048020478
771,770,10-07-2023 09:31,19-01-2024 00:00,65,C,132.04,0.05,0
772,771,10-07-2023 09:31,19-01-2024 00:00,65,P,132.04,0.05,0.067448754
773,772,10-07-2023 09:31,19-01-2024 00:00,70,C,132.04,0.05,0
774,773,10-07-2023 09:31,19-01-2024 00:00,70,P,132.04,0.05,0.11083794
775,774,10-07-2023 09:31,19-01-2024 00:00,75,C,132.04,0.05,0
776,775,10-07-2023 09:31,19-01-2024 00:00,75,P,132.04,0.05,0.140686184
777,776,10-07-2023 09:31,19-01-2024 00:00,80,C,132.04,0.05,54.35112147
778,777,10-07-2023 09:31,19-01-2024 00:00,80,P,132.04,0.05,0.189827646
779,778,10-07-2023 09:31,19-01-2024 00:00,85,C,132.04,0.05,49.34422896
780,779,10-07-2023 09:31,19-01-2024 00:00,85,P,132.04,0.05,0.282218299
781,780,10-07-2023 09:31,19-01-2024 00:00,90,C,132.04,0.05,44.85064643
782,781,10-07-2023 09:31,19-01-2024 00:00,90,P,132.04,0.05,0.306198574
783,782,10-07-2023 09:31,19-01-2024 00:00,95,C,132.04,0.05,39.98662279
784,783,10-07-2023 09:31,19-01-2024 00:00,95,P,132.04,0.05,0.424395274
785,784,10-07-2023 09:31,19-01-2024 00:00,100,C,132.04,0.05,35.03945427
786,785,10-07-2023 09:31,19-01-2024 00:00,100,P,132.04,0.05,0.573314593
787,786,10-07-2023 09:31,19-01-2024 00:00,105,C,132.04,0.05,30.50881764
788,787,10-07-2023 09:31,19-01-2024 00:00,105,P,132.04,0.05,0.863230099
789,788,10-07-2023 09:31,19-01-2024 00:00,110,C,132.04,0.05,25.75075685
790,789,10-07-2023 09:31,19-01-2024 00:00,110,P,132.04,0.05,1.220358399
791,790,10-07-2023 09:31,19-01-2024 00:00,115,C,132.04,0.05,21.52570554
792,791,10-07-2023 09:31,19-01-2024 00:00,115,P,132.04,0.05,1.781900175
793,792,10-07-2023 09:31,19-01-2024 00:00,120,C,132.04,0.05,17.50750188
794,793,10-07-2023 09:31,19-01-2024 00:00,120,P,132.04,0.05,2.394600938
795,794,10-07-2023 09:31,19-01-2024 00:00,125,C,132.04,0.05,13.53172887
796,795,10-07-2023 09:31,19-01-2024 00:00,125,P,132.04,0.05,3.447576355
797,796,10-07-2023 09:31,19-01-2024 00:00,130,C,132.04,0.05,10.38655543
798,797,10-07-2023 09:31,19-01-2024 00:00,130,P,132.04,0.05,4.846918466
799,798,10-07-2023 09:31,19-01-2024 00:00,135,C,132.04,0.05,7.715185186
800,799,10-07-2023 09:31,19-01-2024 00:00,135,P,132.04,0.05,7.045335454
801,800,10-07-2023 09:31,19-01-2024 00:00,140,C,132.04,0.05,5.337976817
802,801,10-07-2023 09:31,19-01-2024 00:00,140,P,132.04,0.05,9.757990917
803,802,10-07-2023 09:31,19-01-2024 00:00,145,C,132.04,0.05,3.193065118
804,803,10-07-2023 09:31,19-01-2024 00:00,145,P,132.04,0.05,12.77132498
805,804,10-07-2023 09:31,19-01-2024 00:00,150,C,132.04,0.05,2.299703222
806,805,10-07-2023 09:31,19-01-2024 00:00,150,P,132.04,0.05,16.50089659
807,806,10-07-2023 09:31,19-01-2024 00:00,155,C,132.04,0.05,1.535307828
808,807,10-07-2023 09:31,19-01-2024 00:00,155,P,132.04,0.05,20.31299653
809,808,10-07-2023 09:31,19-01-2024 00:00,160,C,132.04,0.05,0.785707195
810,809,10-07-2023 09:31,19-01-2024 00:00,160,P,132.04,0.05,0
811,810,10-07-2023 09:31,19-01-2024 00:00,165,C,132.04,0.05,0.533458591
812,811,10-07-2023 09:31,19-01-2024 00:00,165,P,132.04,0.05,0
813,812,10-07-2023 09:31,19-01-2024 00:00,170,C,132.04,0.05,0.361378756
814,813,10-07-2023 09:31,19-01-2024 00:00,170,P,132.04,0.05,34.44012213
815,814,10-07-2023 09:31,19-01-2024 00:00,175,C,132.04,0.05,0.36847348
816,815,10-07-2023 09:31,19-01-2024 00:00,175,P,132.04,0.05,39.20453549
817,816,10-07-2023 09:31,19-01-2024 00:00,180,C,132.04,0.05,0.400570932
818,817,10-07-2023 09:31,19-01-2024 00:00,180,P,132.04,0.05,44.11863916
819,818,10-07-2023 09:31,19-01-2024 00:00,185,C,132.04,0.05,0.206373956
820,819,10-07-2023 09:31,19-01-2024 00:00,185,P,132.04,0.05,48.86868291
821,820,10-07-2023 09:31,19-01-2024 00:00,190,C,132.04,0.05,0.147357336
822,821,10-07-2023 09:31,19-01-2024 00:00,190,P,132.04,0.05,53.83405077
823,822,10-07-2023 09:31,19-01-2024 00:00,195,C,132.04,0.05,0.073460384
824,823,10-07-2023 09:31,19-01-2024 00:00,195,P,132.04,0.05,58.447345
825,824,10-07-2023 09:31,19-01-2024 00:00,200,C,132.04,0.05,0.086044359
826,825,10-07-2023 09:31,19-01-2024 00:00,200,P,132.04,0.05,0
827,826,10-07-2023 09:31,19-01-2024 00:00,210,C,132.04,0.05,0.055027115
828,827,10-07-2023 09:31,19-01-2024 00:00,210,P,132.04,0.05,72.99491944
829,828,10-07-2023 09:31,19-01-2024 00:00,220,C,132.04,0.05,0.053412788
830,829,10-07-2023 09:31,19-01-2024 00:00,220,P,132.04,0.05,82.68750699
831,830,10-07-2023 09:31,21-06-2024 00:00,60,C,132.04,0.05,0
832,831,10-07-2023 09:31,21-06-2024 00:00,60,P,132.04,0.05,0.171925497
833,832,10-07-2023 09:31,21-06-2024 00:00,65,C,132.04,0.05,0
834,833,10-07-2023 09:31,21-06-2024 00:00,65,P,132.04,0.05,0.185199682
835,834,10-07-2023 09:31,21-06-2024 00:00,70,C,132.04,0.05,0
836,835,10-07-2023 09:31,21-06-2024 00:00,70,P,132.04,0.05,0.239460467
837,836,10-07-2023 09:31,21-06-2024 00:00,75,C,132.04,0.05,0
838,837,10-07-2023 09:31,21-06-2024 00:00,75,P,132.04,0.05,0.503483863
839,838,10-07-2023 09:31,21-06-2024 00:00,80,C,132.04,0.05,56.08311516
840,839,10-07-2023 09:31,21-06-2024 00:00,80,P,132.04,0.05,0.544918854
841,840,10-07-2023 09:31,21-06-2024 00:00,85,C,132.04,0.05,0
842,841,10-07-2023 09:31,21-06-2024 00:00,85,P,132.04,0.05,0.72950348
843,842,10-07-2023 09:31,21-06-2024 00:00,90,C,132.04,0.05,47.23460064
844,843,10-07-2023 09:31,21-06-2024 00:00,90,P,132.04,0.05,0.958155226
845,844,10-07-2023 09:31,21-06-2024 00:00,95,C,132.04,0.05,42.74326786
846,845,10-07-2023 09:31,21-06-2024 00:00,95,P,132.04,0.05,1.228690472
847,846,10-07-2023 09:31,21-06-2024 00:00,100,C,132.04,0.05,38.18358878
848,847,10-07-2023 09:31,21-06-2024 00:00,100,P,132.04,0.05,1.581200852
849,848,10-07-2023 09:31,21-06-2024 00:00,105,C,132.04,0.05,33.86167924
850,849,10-07-2023 09:31,21-06-2024 00:00,105,P,132.04,0.05,2.026652791
851,850,10-07-2023 09:31,21-06-2024 00:00,110,C,132.04,0.05,29.69500754
852,851,10-07-2023 09:31,21-06-2024 00:00,110,P,132.04,0.05,2.585992151
853,852,10-07-2023 09:31,21-06-2024 00:00,115,C,132.04,0.05,25.68734289
854,853,10-07-2023 09:31,21-06-2024 00:00,115,P,132.04,0.05,3.340658907
855,854,10-07-2023 09:31,21-06-2024 00:00,120,C,132.04,0.05,21.9848435
856,855,10-07-2023 09:31,21-06-2024 00:00,120,P,132.04,0.05,4.362731047
857,856,10-07-2023 09:31,21-06-2024 00:00,125,C,132.04,0.05,18.27116655
858,857,10-07-2023 09:31,21-06-2024 00:00,125,P,132.04,0.05,5.535526083
859,858,10-07-2023 09:31,21-06-2024 00:00,130,C,132.04,0.05,15.21945003
860,859,10-07-2023 09:31,21-06-2024 00:00,130,P,132.04,0.05,6.972668533
861,860,10-07-2023 09:31,21-06-2024 00:00,135,C,132.04,0.05,12.11274927
862,861,10-07-2023 09:31,21-06-2024 00:00,135,P,132.04,0.05,8.843387277
863,862,10-07-2023 09:31,21-06-2024 00:00,140,C,132.04,0.05,9.41691375
864,863,10-07-2023 09:31,21-06-2024 00:00,140,P,132.04,0.05,11.01909373
865,864,10-07-2023 09:31,21-06-2024 00:00,145,C,132.04,0.05,7.262053484
866,865,10-07-2023 09:31,21-06-2024 00:00,145,P,132.04,0.05,13.63654077
867,866,10-07-2023 09:31,21-06-2024 00:00,150,C,132.04,0.05,5.455223723
868,867,10-07-2023 09:31,21-06-2024 00:00,150,P,132.04,0.05,16.7717885
869,868,10-07-2023 09:31,21-06-2024 00:00,155,C,132.04,0.05,4.190857913
870,869,10-07-2023 09:31,21-06-2024 00:00,155,P,132.04,0.05,19.9935485
871,870,10-07-2023 09:31,21-06-2024 00:00,160,C,132.04,0.05,3.092628691
872,871,10-07-2023 09:31,21-06-2024 00:00,160,P,132.04,0.05,23.7060139
873,872,10-07-2023 09:31,21-06-2024 00:00,165,C,132.04,0.05,2.343250417
874,873,10-07-2023 09:31,21-06-2024 00:00,165,P,132.04,0.05,27.88589212
875,874,10-07-2023 09:31,21-06-2024 00:00,170,C,132.04,0.05,1.592946352
876,875,10-07-2023 09:31,21-06-2024 00:00,170,P,132.04,0.05,32.27108554
877,876,10-07-2023 09:31,21-06-2024 00:00,175,C,132.04,0.05,1.251857292
878,877,10-07-2023 09:31,21-06-2024 00:00,175,P,132.04,0.05,36.61827525
879,878,10-07-2023 09:31,21-06-2024 00:00,180,C,132.04,0.05,0.741603572
880,879,10-07-2023 09:31,21-06-2024 00:00,180,P,132.04,0.05,41.22458316
881,880,10-07-2023 09:31,21-06-2024 00:00,185,C,132.04,0.05,0.772548323
882,881,10-07-2023 09:31,21-06-2024 00:00,185,P,132.04,0.05,46.0492228
883,882,10-07-2023 09:31,21-06-2024 00:00,190,C,132.04,0.05,0.62993232
884,883,10-07-2023 09:31,21-06-2024 00:00,190,P,132.04,0.05,50.91237499
885,884,10-07-2023 09:31,21-06-2024 00:00,195,C,132.04,0.05,0.48104676
886,885,10-07-2023 09:31,21-06-2024 00:00,195,P,132.04,0.05,55.35263934
887,886,10-07-2023 09:31,21-06-2024 00:00,200,C,132.04,0.05,0.382044919
888,887,10-07-2023 09:31,21-06-2024 00:00,200,P,132.04,0.05,0
889,888,10-07-2023 09:31,21-06-2024 00:00,210,C,132.04,0.05,0.293711942
890,889,10-07-2023 09:31,21-06-2024 00:00,210,P,132.04,0.05,70.52002096
891,890,10-07-2023 09:31,21-06-2024 00:00,220,C,132.04,0.05,0.480981334
892,891,10-07-2023 09:31,21-06-2024 00:00,220,P,132.04,0.05,79.26458041
893,892,10-07-2023 09:31,17-01-2025 00:00,60,C,132.04,0.05,77.9811529
894,893,10-07-2023 09:31,17-01-2025 00:00,60,P,132.04,0.05,0.317923954
895,894,10-07-2023 09:31,17-01-2025 00:00,65,C,132.04,0.05,73.01786347
896,895,10-07-2023 09:31,17-01-2025 00:00,65,P,132.04,0.05,0.452644219
897,896,10-07-2023 09:31,17-01-2025 00:00,70,C,132.04,0.05,68.40677663
898,897,10-07-2023 09:31,17-01-2025 00:00,70,P,132.04,0.05,0.63605028
899,898,10-07-2023 09:31,17-01-2025 00:00,75,C,132.04,0.05,63.857673
900,899,10-07-2023 09:31,17-01-2025 00:00,75,P,132.04,0.05,0.860827526
901,900,10-07-2023 09:31,17-01-2025 00:00,80,C,132.04,0.05,59.33646799
902,901,10-07-2023 09:31,17-01-2025 00:00,80,P,132.04,0.05,1.138566495
903,902,10-07-2023 09:31,17-01-2025 00:00,85,C,132.04,0.05,55.05195004
904,903,10-07-2023 09:31,17-01-2025 00:00,85,P,132.04,0.05,1.423568687
905,904,10-07-2023 09:31,17-01-2025 00:00,90,C,132.04,0.05,50.83416816
906,905,10-07-2023 09:31,17-01-2025 00:00,90,P,132.04,0.05,1.732997738
907,906,10-07-2023 09:31,17-01-2025 00:00,95,C,132.04,0.05,46.28078857
908,907,10-07-2023 09:31,17-01-2025 00:00,95,P,132.04,0.05,1.952595045
909,908,10-07-2023 09:31,17-01-2025 00:00,100,C,132.04,0.05,42.15120822
910,909,10-07-2023 09:31,17-01-2025 00:00,100,P,132.04,0.05,2.664245613
911,910,10-07-2023 09:31,17-01-2025 00:00,105,C,132.04,0.05,38.1299981
912,911,10-07-2023 09:31,17-01-2025 00:00,105,P,132.04,0.05,3.259689444
913,912,10-07-2023 09:31,17-01-2025 00:00,110,C,132.04,0.05,34.36396154
914,913,10-07-2023 09:31,17-01-2025 00:00,110,P,132.04,0.05,3.972688907
915,914,10-07-2023 09:31,17-01-2025 00:00,115,C,132.04,0.05,30.95235639
916,915,10-07-2023 09:31,17-01-2025 00:00,115,P,132.04,0.05,4.837206093
917,916,10-07-2023 09:31,17-01-2025 00:00,120,C,132.04,0.05,26.89393373
918,917,10-07-2023 09:31,17-01-2025 00:00,120,P,132.04,0.05,5.895042995
919,918,10-07-2023 09:31,17-01-2025 00:00,125,C,132.04,0.05,23.42318919
920,919,10-07-2023 09:31,17-01-2025 00:00,125,P,132.04,0.05,7.129678494
921,920,10-07-2023 09:31,17-01-2025 00:00,130,C,132.04,0.05,20.23307336
922,921,10-07-2023 09:31,17-01-2025 00:00,130,P,132.04,0.05,8.566389724
923,922,10-07-2023 09:31,17-01-2025 00:00,135,C,132.04,0.05,17.28238883
924,923,10-07-2023 09:31,17-01-2025 00:00,135,P,132.04,0.05,10.21300575
925,924,10-07-2023 09:31,17-01-2025 00:00,140,C,132.04,0.05,14.57840509
926,925,10-07-2023 09:31,17-01-2025 00:00,140,P,132.04,0.05,12.18207479
927,926,10-07-2023 09:31,17-01-2025 00:00,145,C,132.04,0.05,12.16127981
928,927,10-07-2023 09:31,17-01-2025 00:00,145,P,132.04,0.05,14.37069144
929,928,10-07-2023 09:31,17-01-2025 00:00,150,C,132.04,0.05,10.05273771
930,929,10-07-2023 09:31,17-01-2025 00:00,150,P,132.04,0.05,16.96050288
931,930,10-07-2023 09:31,17-01-2025 00:00,155,C,132.04,0.05,8.257513067
932,931,10-07-2023 09:31,17-01-2025 00:00,155,P,132.04,0.05,19.71743777
933,932,10-07-2023 09:31,17-01-2025 00:00,160,C,132.04,0.05,6.676965842
934,933,10-07-2023 09:31,17-01-2025 00:00,160,P,132.04,0.05,22.89103897
935,934,10-07-2023 09:31,17-01-2025 00:00,165,C,132.04,0.05,5.347831689
936,935,10-07-2023 09:31,17-01-2025 00:00,165,P,132.04,0.05,26.32751084
937,936,10-07-2023 09:31,17-01-2025 00:00,170,C,132.04,0.05,4.434553135
938,937,10-07-2023 09:31,17-01-2025 00:00,170,P,132.04,0.05,29.93273435
939,938,10-07-2023 09:31,17-01-2025 00:00,175,C,132.04,0.05,3.500289042
940,939,10-07-2023 09:31,17-01-2025 00:00,175,P,132.04,0.05,33.59745815
941,940,10-07-2023 09:31,17-01-2025 00:00,180,C,132.04,0.05,2.818113763
942,941,10-07-2023 09:31,17-01-2025 00:00,180,P,132.04,0.05,37.73645081
943,942,10-07-2023 09:31,17-01-2025 00:00,185,C,132.04,0.05,2.241095409
944,943,10-07-2023 09:31,17-01-2025 00:00,185,P,132.04,0.05,0
945,944,10-07-2023 09:31,17-01-2025 00:00,190,C,132.04,0.05,2.001934245
946,945,10-07-2023 09:31,17-01-2025 00:00,190,P,132.04,0.05,0
947,946,10-07-2023 09:31,17-01-2025 00:00,195,C,132.04,0.05,1.428179818
948,947,10-07-2023 09:31,17-01-2025 00:00,195,P,132.04,0.05,0
949,948,10-07-2023 09:31,17-01-2025 00:00,200,C,132.04,0.05,1.282740641
950,949,10-07-2023 09:31,17-01-2025 00:00,200,P,132.04,0.05,0
951,950,10-07-2023 09:31,17-01-2025 00:00,210,C,132.04,0.05,0.96032192
952,951,10-07-2023 09:31,17-01-2025 00:00,210,P,132.04,0.05,0
953,952,10-07-2023 09:31,17-01-2025 00:00,220,C,132.04,0.05,0.700714476
954,953,10-07-2023 09:31,17-01-2025 00:00,220,P,132.04,0.05,0
