index,Unnamed: 0,today,expiration,strike,optionType,spot,riskFreeRate,optionPremiumPrice,impliedVolatility,timeToExpiry
0,1,2023-07-10 09:31:00,2023-07-14,80.0,C,132.04,0.05,52.08891602,,0.00821917808219178
1,2,2023-07-10 09:31:00,2023-07-14,80.0,P,132.04,0.05,0.001823991,,0.00821917808219178
2,3,2023-07-10 09:31:00,2023-07-14,85.0,C,132.04,0.05,47.0842064,,0.00821917808219178
3,4,2023-07-10 09:31:00,2023-07-14,85.0,P,132.04,0.05,0.001869603,,0.00821917808219178
4,5,2023-07-10 09:31:00,2023-07-14,90.0,C,132.04,0.05,42.08031876,,0.00821917808219178
5,6,2023-07-10 09:31:00,2023-07-14,90.0,P,132.04,0.05,0.001920117,,0.00821917808219178
6,7,2023-07-10 09:31:00,2023-07-14,95.0,C,132.04,0.05,37.08188416,,0.00821917808219178
7,8,2023-07-10 09:31:00,2023-07-14,95.0,P,132.04,0.05,0.001978305,,0.00821917808219178
8,9,2023-07-10 09:31:00,2023-07-14,100.0,C,132.04,0.05,0.0,,0.00821917808219178
9,10,2023-07-10 09:31:00,2023-07-14,100.0,P,132.04,0.05,0.002047443,,0.00821917808219178
10,11,2023-07-10 09:31:00,2023-07-14,105.0,C,132.04,0.05,27.09731827,,0.00821917808219178
11,12,2023-07-10 09:31:00,2023-07-14,105.0,P,132.04,0.05,0.002123515,,0.00821917808219178
12,13,2023-07-10 09:31:00,2023-07-14,110.0,C,132.04,0.05,22.09910526,,0.00821917808219178
13,14,2023-07-10 09:31:00,2023-07-14,110.0,P,132.04,0.05,0.002216587,,0.00821917808219178
14,15,2023-07-10 09:31:00,2023-07-14,115.0,C,132.04,0.05,17.09802667,,0.00821917808219178
15,16,2023-07-10 09:31:00,2023-07-14,115.0,P,132.04,0.05,0.003412871,,0.00821917808219178
16,17,2023-07-10 09:31:00,2023-07-14,116.0,C,132.04,0.05,16.11871925,,0.00821917808219178
17,18,2023-07-10 09:31:00,2023-07-14,116.0,P,132.04,0.05,0.003447479,,0.00821917808219178
18,19,2023-07-10 09:31:00,2023-07-14,117.0,C,132.04,0.05,0.0,,0.00821917808219178
19,20,2023-07-10 09:31:00,2023-07-14,117.0,P,132.04,0.05,0.00348409,,0.00821917808219178
20,21,2023-07-10 09:31:00,2023-07-14,118.0,C,132.04,0.05,14.10212139,,0.00821917808219178
21,22,2023-07-10 09:31:00,2023-07-14,118.0,P,132.04,0.05,0.003524218,,0.00821917808219178
22,23,2023-07-10 09:31:00,2023-07-14,119.0,C,132.04,0.05,0.0,,0.00821917808219178
23,24,2023-07-10 09:31:00,2023-07-14,119.0,P,132.04,0.05,0.003569944,,0.00821917808219178
24,25,2023-07-10 09:31:00,2023-07-14,120.0,C,132.04,0.05,0.0,,0.00821917808219178
25,26,2023-07-10 09:31:00,2023-07-14,120.0,P,132.04,0.05,0.003614463,,0.00821917808219178
26,27,2023-07-10 09:31:00,2023-07-14,121.0,C,132.04,0.05,0.0,,0.00821917808219178
27,28,2023-07-10 09:31:00,2023-07-14,121.0,P,132.04,0.05,0.004916777,,0.00821917808219178
28,29,2023-07-10 09:31:00,2023-07-14,122.0,C,132.04,0.05,0.0,,0.00821917808219178
29,30,2023-07-10 09:31:00,2023-07-14,122.0,P,132.04,0.05,0.006354881,,0.00821917808219178
30,31,2023-07-10 09:31:00,2023-07-14,123.0,C,132.04,0.05,0.0,,0.00821917808219178
31,32,2023-07-10 09:31:00,2023-07-14,123.0,P,132.04,0.05,0.006447279,,0.00821917808219178
32,33,2023-07-10 09:31:00,2023-07-14,124.0,C,132.04,0.05,8.123900418,,0.00821917808219178
33,34,2023-07-10 09:31:00,2023-07-14,124.0,P,132.04,0.05,0.00652613,,0.00821917808219178
34,35,2023-07-10 09:31:00,2023-07-14,125.0,C,132.04,0.05,0.0,,0.00821917808219178
35,36,2023-07-10 09:31:00,2023-07-14,125.0,P,132.04,0.05,0.008113702,,0.00821917808219178
36,37,2023-07-10 09:31:00,2023-07-14,126.0,C,132.04,0.05,0.0,,0.00821917808219178
37,38,2023-07-10 09:31:00,2023-07-14,126.0,P,132.04,0.05,0.015069901,,0.00821917808219178
38,39,2023-07-10 09:31:00,2023-07-14,127.0,C,132.04,0.05,5.137744086,,0.00821917808219178
39,40,2023-07-10 09:31:00,2023-07-14,127.0,P,132.04,0.05,0.023102176,,0.00821917808219178
40,41,2023-07-10 09:31:00,2023-07-14,128.0,C,132.04,0.05,4.112181188,,0.00821917808219178
41,42,2023-07-10 09:31:00,2023-07-14,128.0,P,132.04,0.05,0.029963942,,0.00821917808219178
42,43,2023-07-10 09:31:00,2023-07-14,129.0,C,132.04,0.05,3.181142281,,0.00821917808219178
43,44,2023-07-10 09:31:00,2023-07-14,129.0,P,132.04,0.05,0.076199866,,0.00821917808219178
44,45,2023-07-10 09:31:00,2023-07-14,130.0,C,132.04,0.05,2.308397333,,0.00821917808219178
45,46,2023-07-10 09:31:00,2023-07-14,130.0,P,132.04,0.05,0.181120519,,0.00821917808219178
46,47,2023-07-10 09:31:00,2023-07-14,131.0,C,132.04,0.05,1.476141793,,0.00821917808219178
47,48,2023-07-10 09:31:00,2023-07-14,131.0,P,132.04,0.05,0.431813495,,0.00821917808219178
48,49,2023-07-10 09:31:00,2023-07-14,132.0,C,132.04,0.05,0.894835553,,0.00821917808219178
49,50,2023-07-10 09:31:00,2023-07-14,132.0,P,132.04,0.05,0.835415571,,0.00821917808219178
50,51,2023-07-10 09:31:00,2023-07-14,133.0,C,132.04,0.05,0.469942374,,0.00821917808219178
51,52,2023-07-10 09:31:00,2023-07-14,133.0,P,132.04,0.05,1.308930536,,0.00821917808219178
52,53,2023-07-10 09:31:00,2023-07-14,134.0,C,132.04,0.05,0.208243498,,0.00821917808219178
53,54,2023-07-10 09:31:00,2023-07-14,134.0,P,132.04,0.05,2.071899755,,0.00821917808219178
54,55,2023-07-10 09:31:00,2023-07-14,135.0,C,132.04,0.05,0.090168639,,0.00821917808219178
55,56,2023-07-10 09:31:00,2023-07-14,135.0,P,132.04,0.05,3.120646237,,0.00821917808219178
56,57,2023-07-10 09:31:00,2023-07-14,136.0,C,132.04,0.05,0.043187332,,0.00821917808219178
57,58,2023-07-10 09:31:00,2023-07-14,136.0,P,132.04,0.05,4.011559538,,0.00821917808219178
58,59,2023-07-10 09:31:00,2023-07-14,137.0,C,132.04,0.05,0.028292773,,0.00821917808219178
59,60,2023-07-10 09:31:00,2023-07-14,137.0,P,132.04,0.05,5.009805288,,0.00821917808219178
60,61,2023-07-10 09:31:00,2023-07-14,138.0,C,132.04,0.05,0.011494865,,0.00821917808219178
61,62,2023-07-10 09:31:00,2023-07-14,138.0,P,132.04,0.05,0.0,,0.00821917808219178
62,63,2023-07-10 09:31:00,2023-07-14,139.0,C,132.04,0.05,0.010717584,,0.00821917808219178
63,64,2023-07-10 09:31:00,2023-07-14,139.0,P,132.04,0.05,0.0,,0.00821917808219178
64,65,2023-07-10 09:31:00,2023-07-14,140.0,C,132.04,0.05,0.010124038,,0.00821917808219178
65,66,2023-07-10 09:31:00,2023-07-14,140.0,P,132.04,0.05,0.0,,0.00821917808219178
66,67,2023-07-10 09:31:00,2023-07-14,141.0,C,132.04,0.05,0.005829452,,0.00821917808219178
67,68,2023-07-10 09:31:00,2023-07-14,141.0,P,132.04,0.05,0.0,,0.00821917808219178
68,69,2023-07-10 09:31:00,2023-07-14,142.0,C,132.04,0.05,0.005560876,,0.00821917808219178
69,70,2023-07-10 09:31:00,2023-07-14,142.0,P,132.04,0.05,0.0,,0.00821917808219178
70,71,2023-07-10 09:31:00,2023-07-14,143.0,C,132.04,0.05,0.005339822,,0.00821917808219178
71,72,2023-07-10 09:31:00,2023-07-14,143.0,P,132.04,0.05,0.0,,0.00821917808219178
72,73,2023-07-10 09:31:00,2023-07-14,144.0,C,132.04,0.05,0.002160487,,0.00821917808219178
73,74,2023-07-10 09:31:00,2023-07-14,144.0,P,132.04,0.05,0.0,,0.00821917808219178
74,75,2023-07-10 09:31:00,2023-07-14,145.0,C,132.04,0.05,0.003473157,,0.00821917808219178
75,76,2023-07-10 09:31:00,2023-07-14,145.0,P,132.04,0.05,0.0,,0.00821917808219178
76,77,2023-07-10 09:31:00,2023-07-14,146.0,C,132.04,0.05,0.003366286,,0.00821917808219178
77,78,2023-07-10 09:31:00,2023-07-14,146.0,P,132.04,0.05,0.0,,0.00821917808219178
78,79,2023-07-10 09:31:00,2023-07-14,147.0,C,132.04,0.05,0.003264175,,0.00821917808219178
79,80,2023-07-10 09:31:00,2023-07-14,147.0,P,132.04,0.05,0.0,,0.00821917808219178
80,81,2023-07-10 09:31:00,2023-07-14,148.0,C,132.04,0.05,0.003180719,,0.00821917808219178
81,82,2023-07-10 09:31:00,2023-07-14,148.0,P,132.04,0.05,0.0,,0.00821917808219178
82,83,2023-07-10 09:31:00,2023-07-14,149.0,C,132.04,0.05,0.003104162,,0.00821917808219178
83,84,2023-07-10 09:31:00,2023-07-14,149.0,P,132.04,0.05,0.0,,0.00821917808219178
84,85,2023-07-10 09:31:00,2023-07-14,150.0,C,132.04,0.05,0.003032561,,0.00821917808219178
85,86,2023-07-10 09:31:00,2023-07-14,150.0,P,132.04,0.05,0.0,,0.00821917808219178
86,87,2023-07-10 09:31:00,2023-07-14,152.5,C,132.04,0.05,0.002876593,,0.00821917808219178
87,88,2023-07-10 09:31:00,2023-07-14,152.5,P,132.04,0.05,0.0,,0.00821917808219178
88,89,2023-07-10 09:31:00,2023-07-14,155.0,C,132.04,0.05,0.002752619,,0.00821917808219178
89,90,2023-07-10 09:31:00,2023-07-14,155.0,P,132.04,0.05,0.0,,0.00821917808219178
90,91,2023-07-10 09:31:00,2023-07-14,160.0,C,132.04,0.05,0.002552245,,0.00821917808219178
91,92,2023-07-10 09:31:00,2023-07-14,160.0,P,132.04,0.05,0.0,,0.00821917808219178
92,93,2023-07-10 09:31:00,2023-07-14,165.0,C,132.04,0.05,0.003476336,,0.00821917808219178
93,94,2023-07-10 09:31:00,2023-07-14,165.0,P,132.04,0.05,0.0,,0.00821917808219178
94,95,2023-07-10 09:31:00,2023-07-14,170.0,C,132.04,0.05,0.003301896,,0.00821917808219178
95,96,2023-07-10 09:31:00,2023-07-14,170.0,P,132.04,0.05,0.0,,0.00821917808219178
96,97,2023-07-10 09:31:00,2023-07-14,175.0,C,132.04,0.05,0.003160566,,0.00821917808219178
97,98,2023-07-10 09:31:00,2023-07-14,175.0,P,132.04,0.05,0.0,,0.00821917808219178
98,99,2023-07-10 09:31:00,2023-07-14,180.0,C,132.04,0.05,0.003040981,,0.00821917808219178
99,100,2023-07-10 09:31:00,2023-07-14,180.0,P,132.04,0.05,0.0,,0.00821917808219178
100,101,2023-07-10 09:31:00,2023-07-21,65.0,C,132.04,0.05,67.13418723,,0.0273972602739726
101,102,2023-07-10 09:31:00,2023-07-21,65.0,P,132.04,0.05,0.010798471,,0.0273972602739726
102,103,2023-07-10 09:31:00,2023-07-21,70.0,C,132.04,0.05,62.14510064,,0.0273972602739726
103,104,2023-07-10 09:31:00,2023-07-21,70.0,P,132.04,0.05,0.007932183,,0.0273972602739726
104,105,2023-07-10 09:31:00,2023-07-21,75.0,C,132.04,0.05,0.0,,0.0273972602739726
105,106,2023-07-10 09:31:00,2023-07-21,75.0,P,132.04,0.05,0.007963587,,0.0273972602739726
106,107,2023-07-10 09:31:00,2023-07-21,80.0,C,132.04,0.05,52.17016799,,0.0273972602739726
107,108,2023-07-10 09:31:00,2023-07-21,80.0,P,132.04,0.05,0.007951498,,0.0273972602739726
108,109,2023-07-10 09:31:00,2023-07-21,85.0,C,132.04,0.05,0.0,,0.0273972602739726
109,110,2023-07-10 09:31:00,2023-07-21,85.0,P,132.04,0.05,0.007986221,,0.0273972602739726
110,111,2023-07-10 09:31:00,2023-07-21,90.0,C,132.04,0.05,42.18969359,,0.0273972602739726
111,112,2023-07-10 09:31:00,2023-07-21,90.0,P,132.04,0.05,0.008010536,,0.0273972602739726
112,113,2023-07-10 09:31:00,2023-07-21,95.0,C,132.04,0.05,37.20775069,,0.0273972602739726
113,114,2023-07-10 09:31:00,2023-07-21,95.0,P,132.04,0.05,0.011008705,,0.0273972602739726
114,115,2023-07-10 09:31:00,2023-07-21,100.0,C,132.04,0.05,32.20947459,,0.0273972602739726
115,116,2023-07-10 09:31:00,2023-07-21,100.0,P,132.04,0.05,0.005184943,,0.0273972602739726
116,117,2023-07-10 09:31:00,2023-07-21,105.0,C,132.04,0.05,0.0,,0.0273972602739726
117,118,2023-07-10 09:31:00,2023-07-21,105.0,P,132.04,0.05,0.017267573,,0.0273972602739726
118,119,2023-07-10 09:31:00,2023-07-21,110.0,C,132.04,0.05,22.24681081,,0.0273972602739726
119,120,2023-07-10 09:31:00,2023-07-21,110.0,P,132.04,0.05,0.030317319,,0.0273972602739726
120,121,2023-07-10 09:31:00,2023-07-21,115.0,C,132.04,0.05,17.59851152,,0.0273972602739726
121,122,2023-07-10 09:31:00,2023-07-21,115.0,P,132.04,0.05,0.05448531,,0.0273972602739726
122,123,2023-07-10 09:31:00,2023-07-21,116.0,C,132.04,0.05,16.64063482,,0.0273972602739726
123,124,2023-07-10 09:31:00,2023-07-21,116.0,P,132.04,0.05,0.061672645,,0.0273972602739726
124,125,2023-07-10 09:31:00,2023-07-21,117.0,C,132.04,0.05,15.63428262,,0.0273972602739726
125,126,2023-07-10 09:31:00,2023-07-21,117.0,P,132.04,0.05,0.068952266,,0.0273972602739726
126,127,2023-07-10 09:31:00,2023-07-21,118.0,C,132.04,0.05,14.66379016,,0.0273972602739726
127,128,2023-07-10 09:31:00,2023-07-21,118.0,P,132.04,0.05,0.083470748,,0.0273972602739726
128,129,2023-07-10 09:31:00,2023-07-21,119.0,C,132.04,0.05,13.67838468,,0.0273972602739726
129,130,2023-07-10 09:31:00,2023-07-21,119.0,P,132.04,0.05,0.09835863,,0.0273972602739726
130,131,2023-07-10 09:31:00,2023-07-21,120.0,C,132.04,0.05,12.36151276,,0.0273972602739726
131,132,2023-07-10 09:31:00,2023-07-21,120.0,P,132.04,0.05,0.117231049,,0.0273972602739726
132,133,2023-07-10 09:31:00,2023-07-21,121.0,C,132.04,0.05,11.40104358,,0.0273972602739726
133,134,2023-07-10 09:31:00,2023-07-21,121.0,P,132.04,0.05,0.144118551,,0.0273972602739726
134,135,2023-07-10 09:31:00,2023-07-21,122.0,C,132.04,0.05,10.44163756,,0.0273972602739726
135,136,2023-07-10 09:31:00,2023-07-21,122.0,P,132.04,0.05,0.187430551,,0.0273972602739726
136,137,2023-07-10 09:31:00,2023-07-21,123.0,C,132.04,0.05,9.523680623,,0.0273972602739726
137,138,2023-07-10 09:31:00,2023-07-21,123.0,P,132.04,0.05,0.247549286,,0.0273972602739726
138,139,2023-07-10 09:31:00,2023-07-21,124.0,C,132.04,0.05,8.600888352,,0.0273972602739726
139,140,2023-07-10 09:31:00,2023-07-21,124.0,P,132.04,0.05,0.335366418,,0.0273972602739726
140,141,2023-07-10 09:31:00,2023-07-21,125.0,C,132.04,0.05,7.715421773,,0.0273972602739726
141,142,2023-07-10 09:31:00,2023-07-21,125.0,P,132.04,0.05,0.505272568,,0.0273972602739726
142,143,2023-07-10 09:31:00,2023-07-21,126.0,C,132.04,0.05,6.868883287,,0.0273972602739726
143,144,2023-07-10 09:31:00,2023-07-21,126.0,P,132.04,0.05,0.586759221,,0.0273972602739726
144,145,2023-07-10 09:31:00,2023-07-21,127.0,C,132.04,0.05,6.041140778,,0.0273972602739726
145,146,2023-07-10 09:31:00,2023-07-21,127.0,P,132.04,0.05,0.783547343,,0.0273972602739726
146,147,2023-07-10 09:31:00,2023-07-21,128.0,C,132.04,0.05,5.298400944,,0.0273972602739726
147,148,2023-07-10 09:31:00,2023-07-21,128.0,P,132.04,0.05,1.016675725,,0.0273972602739726
148,149,2023-07-10 09:31:00,2023-07-21,129.0,C,132.04,0.05,4.456995223,,0.0273972602739726
149,150,2023-07-10 09:31:00,2023-07-21,129.0,P,132.04,0.05,1.295842321,,0.0273972602739726
150,151,2023-07-10 09:31:00,2023-07-21,130.0,C,132.04,0.05,3.855974988,,0.0273972602739726
151,152,2023-07-10 09:31:00,2023-07-21,130.0,P,132.04,0.05,1.615190794,,0.0273972602739726
152,153,2023-07-10 09:31:00,2023-07-21,131.0,C,132.04,0.05,3.308650002,,0.0273972602739726
153,154,2023-07-10 09:31:00,2023-07-21,131.0,P,132.04,0.05,2.093586665,,0.0273972602739726
154,155,2023-07-10 09:31:00,2023-07-21,132.0,C,132.04,0.05,2.759038146,,0.0273972602739726
155,156,2023-07-10 09:31:00,2023-07-21,132.0,P,132.04,0.05,2.475670227,,0.0273972602739726
156,157,2023-07-10 09:31:00,2023-07-21,133.0,C,132.04,0.05,2.277691193,,0.0273972602739726
157,158,2023-07-10 09:31:00,2023-07-21,133.0,P,132.04,0.05,2.999198291,,0.0273972602739726
158,159,2023-07-10 09:31:00,2023-07-21,134.0,C,132.04,0.05,1.944624381,,0.0273972602739726
159,160,2023-07-10 09:31:00,2023-07-21,134.0,P,132.04,0.05,3.775536941,,0.0273972602739726
160,161,2023-07-10 09:31:00,2023-07-21,135.0,C,132.04,0.05,1.49510864,,0.0273972602739726
161,162,2023-07-10 09:31:00,2023-07-21,135.0,P,132.04,0.05,4.184183917,,0.0273972602739726
162,163,2023-07-10 09:31:00,2023-07-21,136.0,C,132.04,0.05,1.249911479,,0.0273972602739726
163,164,2023-07-10 09:31:00,2023-07-21,136.0,P,132.04,0.05,4.869704371,,0.0273972602739726
164,165,2023-07-10 09:31:00,2023-07-21,137.0,C,132.04,0.05,0.921137368,,0.0273972602739726
165,166,2023-07-10 09:31:00,2023-07-21,137.0,P,132.04,0.05,5.662179311,,0.0273972602739726
166,167,2023-07-10 09:31:00,2023-07-21,138.0,C,132.04,0.05,0.710360421,,0.0273972602739726
167,168,2023-07-10 09:31:00,2023-07-21,138.0,P,132.04,0.05,6.384464901,,0.0273972602739726
168,169,2023-07-10 09:31:00,2023-07-21,139.0,C,132.04,0.05,0.550512127,,0.0273972602739726
169,170,2023-07-10 09:31:00,2023-07-21,139.0,P,132.04,0.05,7.204126741,,0.0273972602739726
170,171,2023-07-10 09:31:00,2023-07-21,140.0,C,132.04,0.05,0.408180683,,0.0273972602739726
171,172,2023-07-10 09:31:00,2023-07-21,140.0,P,132.04,0.05,8.047003559,,0.0273972602739726
172,173,2023-07-10 09:31:00,2023-07-21,141.0,C,132.04,0.05,0.318794013,,0.0273972602739726
173,174,2023-07-10 09:31:00,2023-07-21,141.0,P,132.04,0.05,8.934087398,,0.0273972602739726
174,175,2023-07-10 09:31:00,2023-07-21,142.0,C,132.04,0.05,0.244886733,,0.0273972602739726
175,176,2023-07-10 09:31:00,2023-07-21,142.0,P,132.04,0.05,9.900175104,,0.0273972602739726
176,177,2023-07-10 09:31:00,2023-07-21,143.0,C,132.04,0.05,0.193917297,,0.0273972602739726
177,178,2023-07-10 09:31:00,2023-07-21,143.0,P,132.04,0.05,0.0,,0.0273972602739726
178,179,2023-07-10 09:31:00,2023-07-21,144.0,C,132.04,0.05,0.154199625,,0.0273972602739726
179,180,2023-07-10 09:31:00,2023-07-21,144.0,P,132.04,0.05,12.32242841,,0.0273972602739726
180,181,2023-07-10 09:31:00,2023-07-21,145.0,C,132.04,0.05,0.13596501,,0.0273972602739726
181,182,2023-07-10 09:31:00,2023-07-21,145.0,P,132.04,0.05,13.29348123,,0.0273972602739726
182,183,2023-07-10 09:31:00,2023-07-21,146.0,C,132.04,0.05,0.097600045,,0.0273972602739726
183,184,2023-07-10 09:31:00,2023-07-21,146.0,P,132.04,0.05,14.37330052,,0.0273972602739726
184,185,2023-07-10 09:31:00,2023-07-21,147.0,C,132.04,0.05,0.080436985,,0.0273972602739726
185,186,2023-07-10 09:31:00,2023-07-21,147.0,P,132.04,0.05,15.2841339,,0.0273972602739726
186,187,2023-07-10 09:31:00,2023-07-21,148.0,C,132.04,0.05,0.063822096,,0.0273972602739726
187,188,2023-07-10 09:31:00,2023-07-21,148.0,P,132.04,0.05,16.29471004,,0.0273972602739726
188,189,2023-07-10 09:31:00,2023-07-21,149.0,C,132.04,0.05,0.04767534,,0.0273972602739726
189,190,2023-07-10 09:31:00,2023-07-21,149.0,P,132.04,0.05,17.29062348,,0.0273972602739726
190,191,2023-07-10 09:31:00,2023-07-21,150.0,C,132.04,0.05,0.047345323,,0.0273972602739726
191,192,2023-07-10 09:31:00,2023-07-21,150.0,P,132.04,0.05,18.29477273,,0.0273972602739726
192,193,2023-07-10 09:31:00,2023-07-21,152.5,C,132.04,0.05,0.031467722,,0.0273972602739726
193,194,2023-07-10 09:31:00,2023-07-21,152.5,P,132.04,0.05,20.77734942,,0.0273972602739726
194,195,2023-07-10 09:31:00,2023-07-21,155.0,C,132.04,0.05,0.023725215,,0.0273972602739726
195,196,2023-07-10 09:31:00,2023-07-21,155.0,P,132.04,0.05,0.0,,0.0273972602739726
196,197,2023-07-10 09:31:00,2023-07-21,160.0,C,132.04,0.05,0.026673162,,0.0273972602739726
197,198,2023-07-10 09:31:00,2023-07-21,160.0,P,132.04,0.05,0.0,,0.0273972602739726
198,199,2023-07-10 09:31:00,2023-07-21,165.0,C,132.04,0.05,0.012474044,,0.0273972602739726
199,200,2023-07-10 09:31:00,2023-07-21,165.0,P,132.04,0.05,0.0,,0.0273972602739726
200,201,2023-07-10 09:31:00,2023-07-21,170.0,C,132.04,0.05,0.012239654,,0.0273972602739726
201,202,2023-07-10 09:31:00,2023-07-21,170.0,P,132.04,0.05,0.0,,0.0273972602739726
202,203,2023-07-10 09:31:00,2023-07-21,175.0,C,132.04,0.05,0.008870847,,0.0273972602739726
203,204,2023-07-10 09:31:00,2023-07-21,175.0,P,132.04,0.05,0.0,,0.0273972602739726
204,205,2023-07-10 09:31:00,2023-07-21,180.0,C,132.04,0.05,0.008752129,,0.0273972602739726
205,206,2023-07-10 09:31:00,2023-07-21,180.0,P,132.04,0.05,0.0,,0.0273972602739726
206,207,2023-07-10 09:31:00,2023-07-21,185.0,C,132.04,0.05,0.008650275,,0.0273972602739726
207,208,2023-07-10 09:31:00,2023-07-21,185.0,P,132.04,0.05,0.0,,0.0273972602739726
208,209,2023-07-10 09:31:00,2023-07-21,190.0,C,132.04,0.05,0.008567917,,0.0273972602739726
209,210,2023-07-10 09:31:00,2023-07-21,190.0,P,132.04,0.05,0.0,,0.0273972602739726
210,211,2023-07-10 09:31:00,2023-07-21,195.0,C,132.04,0.05,0.00848516,,0.0273972602739726
211,212,2023-07-10 09:31:00,2023-07-21,195.0,P,132.04,0.05,62.84056474,,0.0273972602739726
212,213,2023-07-10 09:31:00,2023-07-21,200.0,C,132.04,0.05,0.008411858,,0.0273972602739726
213,214,2023-07-10 09:31:00,2023-07-21,200.0,P,132.04,0.05,0.0,,0.0273972602739726
214,215,2023-07-10 09:31:00,2023-07-21,205.0,C,132.04,0.05,0.008357505,,0.0273972602739726
215,216,2023-07-10 09:31:00,2023-07-21,205.0,P,132.04,0.05,0.0,,0.0273972602739726
216,217,2023-07-10 09:31:00,2023-07-21,210.0,C,132.04,0.05,0.008299099,,0.0273972602739726
217,218,2023-07-10 09:31:00,2023-07-21,210.0,P,132.04,0.05,0.0,,0.0273972602739726
218,219,2023-07-10 09:31:00,2023-07-21,215.0,C,132.04,0.05,0.008239015,,0.0273972602739726
219,220,2023-07-10 09:31:00,2023-07-21,215.0,P,132.04,0.05,0.0,,0.0273972602739726
220,221,2023-07-10 09:31:00,2023-07-21,220.0,C,132.04,0.05,0.011155862,,0.0273972602739726
221,222,2023-07-10 09:31:00,2023-07-21,220.0,P,132.04,0.05,0.0,,0.0273972602739726
222,223,2023-07-10 09:31:00,2023-07-28,80.0,C,132.04,0.05,0.0,,0.04657534246575343
223,224,2023-07-10 09:31:00,2023-07-28,80.0,P,132.04,0.05,0.029055632,,0.04657534246575343
224,225,2023-07-10 09:31:00,2023-07-28,85.0,C,132.04,0.05,47.2872683,,0.04657534246575343
225,226,2023-07-10 09:31:00,2023-07-28,85.0,P,132.04,0.05,0.071991189,,0.04657534246575343
226,227,2023-07-10 09:31:00,2023-07-28,90.0,C,132.04,0.05,0.0,,0.04657534246575343
227,228,2023-07-10 09:31:00,2023-07-28,90.0,P,132.04,0.05,0.032909942,,0.04657534246575343
228,229,2023-07-10 09:31:00,2023-07-28,95.0,C,132.04,0.05,0.0,,0.04657534246575343
229,230,2023-07-10 09:31:00,2023-07-28,95.0,P,132.04,0.05,0.076187499,,0.04657534246575343
230,231,2023-07-10 09:31:00,2023-07-28,100.0,C,132.04,0.05,32.34281849,,0.04657534246575343
231,232,2023-07-10 09:31:00,2023-07-28,100.0,P,132.04,0.05,0.036800241,,0.04657534246575343
232,233,2023-07-10 09:31:00,2023-07-28,105.0,C,132.04,0.05,0.0,,0.04657534246575343
233,234,2023-07-10 09:31:00,2023-07-28,105.0,P,132.04,0.05,0.040740207,,0.04657534246575343
234,235,2023-07-10 09:31:00,2023-07-28,110.0,C,132.04,0.05,22.3931298,,0.04657534246575343
235,236,2023-07-10 09:31:00,2023-07-28,110.0,P,132.04,0.05,0.04457309,,0.04657534246575343
236,237,2023-07-10 09:31:00,2023-07-28,115.0,C,132.04,0.05,17.3939921,,0.04657534246575343
237,238,2023-07-10 09:31:00,2023-07-28,115.0,P,132.04,0.05,0.07953111,,0.04657534246575343
238,239,2023-07-10 09:31:00,2023-07-28,118.0,C,132.04,0.05,14.46915412,,0.04657534246575343
239,240,2023-07-10 09:31:00,2023-07-28,118.0,P,132.04,0.05,0.144718653,,0.04657534246575343
240,241,2023-07-10 09:31:00,2023-07-28,119.0,C,132.04,0.05,13.54037132,,0.04657534246575343
241,242,2023-07-10 09:31:00,2023-07-28,119.0,P,132.04,0.05,0.178100615,,0.04657534246575343
242,243,2023-07-10 09:31:00,2023-07-28,120.0,C,132.04,0.05,12.58318542,,0.04657534246575343
243,244,2023-07-10 09:31:00,2023-07-28,120.0,P,132.04,0.05,0.216052445,,0.04657534246575343
244,245,2023-07-10 09:31:00,2023-07-28,121.0,C,132.04,0.05,11.64826876,,0.04657534246575343
245,246,2023-07-10 09:31:00,2023-07-28,121.0,P,132.04,0.05,0.258446719,,0.04657534246575343
246,247,2023-07-10 09:31:00,2023-07-28,122.0,C,132.04,0.05,10.71428737,,0.04657534246575343
247,248,2023-07-10 09:31:00,2023-07-28,122.0,P,132.04,0.05,0.319026067,,0.04657534246575343
248,249,2023-07-10 09:31:00,2023-07-28,123.0,C,132.04,0.05,9.802947491,,0.04657534246575343
249,250,2023-07-10 09:31:00,2023-07-28,123.0,P,132.04,0.05,0.401484178,,0.04657534246575343
250,251,2023-07-10 09:31:00,2023-07-28,124.0,C,132.04,0.05,8.914440517,,0.04657534246575343
251,252,2023-07-10 09:31:00,2023-07-28,124.0,P,132.04,0.05,0.51183144,,0.04657534246575343
252,253,2023-07-10 09:31:00,2023-07-28,125.0,C,132.04,0.05,8.050340062,,0.04657534246575343
253,254,2023-07-10 09:31:00,2023-07-28,125.0,P,132.04,0.05,0.646560144,,0.04657534246575343
254,255,2023-07-10 09:31:00,2023-07-28,126.0,C,132.04,0.05,7.23405538,,0.04657534246575343
255,256,2023-07-10 09:31:00,2023-07-28,126.0,P,132.04,0.05,0.814113953,,0.04657534246575343
256,257,2023-07-10 09:31:00,2023-07-28,127.0,C,132.04,0.05,6.372698959,,0.04657534246575343
257,258,2023-07-10 09:31:00,2023-07-28,127.0,P,132.04,0.05,1.025241498,,0.04657534246575343
258,259,2023-07-10 09:31:00,2023-07-28,128.0,C,132.04,0.05,5.630375293,,0.04657534246575343
259,260,2023-07-10 09:31:00,2023-07-28,128.0,P,132.04,0.05,1.266276285,,0.04657534246575343
260,261,2023-07-10 09:31:00,2023-07-28,129.0,C,132.04,0.05,4.984327698,,0.04657534246575343
261,262,2023-07-10 09:31:00,2023-07-28,129.0,P,132.04,0.05,1.635105305,,0.04657534246575343
262,263,2023-07-10 09:31:00,2023-07-28,130.0,C,132.04,0.05,4.28877736,,0.04657534246575343
263,264,2023-07-10 09:31:00,2023-07-28,130.0,P,132.04,0.05,1.88214738,,0.04657534246575343
264,265,2023-07-10 09:31:00,2023-07-28,131.0,C,132.04,0.05,3.698144578,,0.04657534246575343
265,266,2023-07-10 09:31:00,2023-07-28,131.0,P,132.04,0.05,2.340083567,,0.04657534246575343
266,267,2023-07-10 09:31:00,2023-07-28,132.0,C,132.04,0.05,3.164514843,,0.04657534246575343
267,268,2023-07-10 09:31:00,2023-07-28,132.0,P,132.04,0.05,2.708647212,,0.04657534246575343
268,269,2023-07-10 09:31:00,2023-07-28,133.0,C,132.04,0.05,2.604423554,,0.04657534246575343
269,270,2023-07-10 09:31:00,2023-07-28,133.0,P,132.04,0.05,3.289100023,,0.04657534246575343
270,271,2023-07-10 09:31:00,2023-07-28,134.0,C,132.04,0.05,2.160681701,,0.04657534246575343
271,272,2023-07-10 09:31:00,2023-07-28,134.0,P,132.04,0.05,3.872560943,,0.04657534246575343
272,273,2023-07-10 09:31:00,2023-07-28,135.0,C,132.04,0.05,1.772346313,,0.04657534246575343
273,274,2023-07-10 09:31:00,2023-07-28,135.0,P,132.04,0.05,4.352892791,,0.04657534246575343
274,275,2023-07-10 09:31:00,2023-07-28,136.0,C,132.04,0.05,1.440413414,,0.04657534246575343
275,276,2023-07-10 09:31:00,2023-07-28,136.0,P,132.04,0.05,5.036404727,,0.04657534246575343
276,277,2023-07-10 09:31:00,2023-07-28,137.0,C,132.04,0.05,1.151674433,,0.04657534246575343
277,278,2023-07-10 09:31:00,2023-07-28,137.0,P,132.04,0.05,5.720849228,,0.04657534246575343
278,279,2023-07-10 09:31:00,2023-07-28,138.0,C,132.04,0.05,0.982653797,,0.04657534246575343
279,280,2023-07-10 09:31:00,2023-07-28,138.0,P,132.04,0.05,6.504476416,,0.04657534246575343
280,281,2023-07-10 09:31:00,2023-07-28,139.0,C,132.04,0.05,0.734270417,,0.04657534246575343
281,282,2023-07-10 09:31:00,2023-07-28,139.0,P,132.04,0.05,7.287285184,,0.04657534246575343
282,283,2023-07-10 09:31:00,2023-07-28,140.0,C,132.04,0.05,0.583767063,,0.04657534246575343
283,284,2023-07-10 09:31:00,2023-07-28,140.0,P,132.04,0.05,8.118281354,,0.04657534246575343
284,285,2023-07-10 09:31:00,2023-07-28,141.0,C,132.04,0.05,0.455370325,,0.04657534246575343
285,286,2023-07-10 09:31:00,2023-07-28,141.0,P,132.04,0.05,8.998896204,,0.04657534246575343
286,287,2023-07-10 09:31:00,2023-07-28,142.0,C,132.04,0.05,0.432852649,,0.04657534246575343
287,288,2023-07-10 09:31:00,2023-07-28,142.0,P,132.04,0.05,9.881879383,,0.04657534246575343
288,289,2023-07-10 09:31:00,2023-07-28,143.0,C,132.04,0.05,0.302586038,,0.04657534246575343
289,290,2023-07-10 09:31:00,2023-07-28,143.0,P,132.04,0.05,0.0,,0.04657534246575343
290,291,2023-07-10 09:31:00,2023-07-28,144.0,C,132.04,0.05,0.427671592,,0.04657534246575343
291,292,2023-07-10 09:31:00,2023-07-28,144.0,P,132.04,0.05,0.0,,0.04657534246575343
292,293,2023-07-10 09:31:00,2023-07-28,145.0,C,132.04,0.05,0.173121242,,0.04657534246575343
293,294,2023-07-10 09:31:00,2023-07-28,145.0,P,132.04,0.05,12.77748065,,0.04657534246575343
294,295,2023-07-10 09:31:00,2023-07-28,146.0,C,132.04,0.05,0.380891431,,0.04657534246575343
295,296,2023-07-10 09:31:00,2023-07-28,146.0,P,132.04,0.05,13.8147607,,0.04657534246575343
296,297,2023-07-10 09:31:00,2023-07-28,147.0,C,132.04,0.05,0.369936624,,0.04657534246575343
297,298,2023-07-10 09:31:00,2023-07-28,147.0,P,132.04,0.05,14.78644487,,0.04657534246575343
298,299,2023-07-10 09:31:00,2023-07-28,148.0,C,132.04,0.05,0.363577848,,0.04657534246575343
299,300,2023-07-10 09:31:00,2023-07-28,148.0,P,132.04,0.05,15.76580685,,0.04657534246575343
300,301,2023-07-10 09:31:00,2023-07-28,149.0,C,132.04,0.05,0.087847942,,0.04657534246575343
301,302,2023-07-10 09:31:00,2023-07-28,149.0,P,132.04,0.05,16.81694374,,0.04657534246575343
302,303,2023-07-10 09:31:00,2023-07-28,150.0,C,132.04,0.05,0.078395717,,0.04657534246575343
303,304,2023-07-10 09:31:00,2023-07-28,150.0,P,132.04,0.05,17.83452336,,0.04657534246575343
304,305,2023-07-10 09:31:00,2023-07-28,152.5,C,132.04,0.05,0.051178785,,0.04657534246575343
305,306,2023-07-10 09:31:00,2023-07-28,152.5,P,132.04,0.05,20.32612121,,0.04657534246575343
306,307,2023-07-10 09:31:00,2023-07-28,155.0,C,132.04,0.05,0.050604584,,0.04657534246575343
307,308,2023-07-10 09:31:00,2023-07-28,155.0,P,132.04,0.05,0.0,,0.04657534246575343
308,309,2023-07-10 09:31:00,2023-07-28,160.0,C,132.04,0.05,0.04083217,,0.04657534246575343
309,310,2023-07-10 09:31:00,2023-07-28,160.0,P,132.04,0.05,0.0,,0.04657534246575343
310,311,2023-07-10 09:31:00,2023-07-28,165.0,C,132.04,0.05,0.032044089,,0.04657534246575343
311,312,2023-07-10 09:31:00,2023-07-28,165.0,P,132.04,0.05,0.0,,0.04657534246575343
312,313,2023-07-10 09:31:00,2023-07-28,170.0,C,132.04,0.05,0.031711277,,0.04657534246575343
313,314,2023-07-10 09:31:00,2023-07-28,170.0,P,132.04,0.05,0.0,,0.04657534246575343
314,315,2023-07-10 09:31:00,2023-07-28,175.0,C,132.04,0.05,0.027332247,,0.04657534246575343
315,316,2023-07-10 09:31:00,2023-07-28,175.0,P,132.04,0.05,42.76658457,,0.04657534246575343
316,317,2023-07-10 09:31:00,2023-07-28,180.0,C,132.04,0.05,0.068391015,,0.04657534246575343
317,318,2023-07-10 09:31:00,2023-07-28,180.0,P,132.04,0.05,0.0,,0.04657534246575343
318,319,2023-07-10 09:31:00,2023-08-04,80.0,C,132.04,0.05,52.37217168,,0.06575342465753424
319,320,2023-07-10 09:31:00,2023-08-04,80.0,P,132.04,0.05,0.040190943,,0.06575342465753424
320,321,2023-07-10 09:31:00,2023-08-04,85.0,C,132.04,0.05,0.0,,0.06575342465753424
321,322,2023-07-10 09:31:00,2023-08-04,85.0,P,132.04,0.05,0.04434482,,0.06575342465753424
322,323,2023-07-10 09:31:00,2023-08-04,90.0,C,132.04,0.05,0.0,,0.06575342465753424
323,324,2023-07-10 09:31:00,2023-08-04,90.0,P,132.04,0.05,0.048464372,,0.06575342465753424
324,325,2023-07-10 09:31:00,2023-08-04,95.0,C,132.04,0.05,37.43873184,,0.06575342465753424
325,326,2023-07-10 09:31:00,2023-08-04,95.0,P,132.04,0.05,0.05259972,,0.06575342465753424
326,327,2023-07-10 09:31:00,2023-08-04,100.0,C,132.04,0.05,0.0,,0.06575342465753424
327,328,2023-07-10 09:31:00,2023-08-04,100.0,P,132.04,0.05,0.019531565,,0.06575342465753424
328,329,2023-07-10 09:31:00,2023-08-04,105.0,C,132.04,0.05,27.50439169,,0.06575342465753424
329,330,2023-07-10 09:31:00,2023-08-04,105.0,P,132.04,0.05,0.069205433,,0.06575342465753424
330,331,2023-07-10 09:31:00,2023-08-04,110.0,C,132.04,0.05,22.54810613,,0.06575342465753424
331,332,2023-07-10 09:31:00,2023-08-04,110.0,P,132.04,0.05,0.094535605,,0.06575342465753424
332,333,2023-07-10 09:31:00,2023-08-04,115.0,C,132.04,0.05,17.59173882,,0.06575342465753424
333,334,2023-07-10 09:31:00,2023-08-04,115.0,P,132.04,0.05,0.145829866,,0.06575342465753424
334,335,2023-07-10 09:31:00,2023-08-04,118.0,C,132.04,0.05,14.72386362,,0.06575342465753424
335,336,2023-07-10 09:31:00,2023-08-04,118.0,P,132.04,0.05,0.292746723,,0.06575342465753424
336,337,2023-07-10 09:31:00,2023-08-04,119.0,C,132.04,0.05,13.76866536,,0.06575342465753424
337,338,2023-07-10 09:31:00,2023-08-04,119.0,P,132.04,0.05,0.33713303,,0.06575342465753424
338,339,2023-07-10 09:31:00,2023-08-04,120.0,C,132.04,0.05,12.83593178,,0.06575342465753424
339,340,2023-07-10 09:31:00,2023-08-04,120.0,P,132.04,0.05,0.318695611,,0.06575342465753424
340,341,2023-07-10 09:31:00,2023-08-04,121.0,C,132.04,0.05,11.82752516,,0.06575342465753424
341,342,2023-07-10 09:31:00,2023-08-04,121.0,P,132.04,0.05,0.39862906,,0.06575342465753424
342,343,2023-07-10 09:31:00,2023-08-04,122.0,C,132.04,0.05,10.87230607,,0.06575342465753424
343,344,2023-07-10 09:31:00,2023-08-04,122.0,P,132.04,0.05,0.467201282,,0.06575342465753424
344,345,2023-07-10 09:31:00,2023-08-04,123.0,C,132.04,0.05,10.08527925,,0.06575342465753424
345,346,2023-07-10 09:31:00,2023-08-04,123.0,P,132.04,0.05,0.560694979,,0.06575342465753424
346,347,2023-07-10 09:31:00,2023-08-04,124.0,C,132.04,0.05,9.216212604,,0.06575342465753424
347,348,2023-07-10 09:31:00,2023-08-04,124.0,P,132.04,0.05,0.689036129,,0.06575342465753424
348,349,2023-07-10 09:31:00,2023-08-04,125.0,C,132.04,0.05,8.363258513,,0.06575342465753424
349,350,2023-07-10 09:31:00,2023-08-04,125.0,P,132.04,0.05,0.839220165,,0.06575342465753424
350,351,2023-07-10 09:31:00,2023-08-04,126.0,C,132.04,0.05,7.54944831,,0.06575342465753424
351,352,2023-07-10 09:31:00,2023-08-04,126.0,P,132.04,0.05,0.911701337,,0.06575342465753424
352,353,2023-07-10 09:31:00,2023-08-04,127.0,C,132.04,0.05,6.730650892,,0.06575342465753424
353,354,2023-07-10 09:31:00,2023-08-04,127.0,P,132.04,0.05,1.23029209,,0.06575342465753424
354,355,2023-07-10 09:31:00,2023-08-04,128.0,C,132.04,0.05,5.998790846,,0.06575342465753424
355,356,2023-07-10 09:31:00,2023-08-04,128.0,P,132.04,0.05,1.476887419,,0.06575342465753424
356,357,2023-07-10 09:31:00,2023-08-04,129.0,C,132.04,0.05,5.303248822,,0.06575342465753424
357,358,2023-07-10 09:31:00,2023-08-04,129.0,P,132.04,0.05,1.75468859,,0.06575342465753424
358,359,2023-07-10 09:31:00,2023-08-04,130.0,C,132.04,0.05,4.6207,,0.06575342465753424
359,360,2023-07-10 09:31:00,2023-08-04,130.0,P,132.04,0.05,2.090209802,,0.06575342465753424
360,361,2023-07-10 09:31:00,2023-08-04,131.0,C,132.04,0.05,3.983674278,,0.06575342465753424
361,362,2023-07-10 09:31:00,2023-08-04,131.0,P,132.04,0.05,2.452988547,,0.06575342465753424
362,363,2023-07-10 09:31:00,2023-08-04,132.0,C,132.04,0.05,3.421106509,,0.06575342465753424
363,364,2023-07-10 09:31:00,2023-08-04,132.0,P,132.04,0.05,2.888653194,,0.06575342465753424
364,365,2023-07-10 09:31:00,2023-08-04,133.0,C,132.04,0.05,2.90899447,,0.06575342465753424
365,366,2023-07-10 09:31:00,2023-08-04,133.0,P,132.04,0.05,3.348764017,,0.06575342465753424
366,367,2023-07-10 09:31:00,2023-08-04,134.0,C,132.04,0.05,2.350785462,,0.06575342465753424
367,368,2023-07-10 09:31:00,2023-08-04,134.0,P,132.04,0.05,3.877618096,,0.06575342465753424
368,369,2023-07-10 09:31:00,2023-08-04,135.0,C,132.04,0.05,2.054871346,,0.06575342465753424
369,370,2023-07-10 09:31:00,2023-08-04,135.0,P,132.04,0.05,4.5070528,,0.06575342465753424
370,371,2023-07-10 09:31:00,2023-08-04,136.0,C,132.04,0.05,1.701409821,,0.06575342465753424
371,372,2023-07-10 09:31:00,2023-08-04,136.0,P,132.04,0.05,5.161834614,,0.06575342465753424
372,373,2023-07-10 09:31:00,2023-08-04,137.0,C,132.04,0.05,1.386570304,,0.06575342465753424
373,374,2023-07-10 09:31:00,2023-08-04,137.0,P,132.04,0.05,5.84001025,,0.06575342465753424
374,375,2023-07-10 09:31:00,2023-08-04,138.0,C,132.04,0.05,1.136216015,,0.06575342465753424
375,376,2023-07-10 09:31:00,2023-08-04,138.0,P,132.04,0.05,6.592700023,,0.06575342465753424
376,377,2023-07-10 09:31:00,2023-08-04,139.0,C,132.04,0.05,0.923232278,,0.06575342465753424
377,378,2023-07-10 09:31:00,2023-08-04,139.0,P,132.04,0.05,7.369152772,,0.06575342465753424
378,379,2023-07-10 09:31:00,2023-08-04,140.0,C,132.04,0.05,0.755490697,,0.06575342465753424
379,380,2023-07-10 09:31:00,2023-08-04,140.0,P,132.04,0.05,8.166333302,,0.06575342465753424
380,381,2023-07-10 09:31:00,2023-08-04,141.0,C,132.04,0.05,0.506400027,,0.06575342465753424
381,382,2023-07-10 09:31:00,2023-08-04,141.0,P,132.04,0.05,9.013353938,,0.06575342465753424
382,383,2023-07-10 09:31:00,2023-08-04,142.0,C,132.04,0.05,0.415787554,,0.06575342465753424
383,384,2023-07-10 09:31:00,2023-08-04,142.0,P,132.04,0.05,9.879723089,,0.06575342465753424
384,385,2023-07-10 09:31:00,2023-08-04,143.0,C,132.04,0.05,0.340282272,,0.06575342465753424
385,386,2023-07-10 09:31:00,2023-08-04,143.0,P,132.04,0.05,10.81536609,,0.06575342465753424
386,387,2023-07-10 09:31:00,2023-08-04,144.0,C,132.04,0.05,0.314178667,,0.06575342465753424
387,388,2023-07-10 09:31:00,2023-08-04,144.0,P,132.04,0.05,0.0,,0.06575342465753424
388,389,2023-07-10 09:31:00,2023-08-04,145.0,C,132.04,0.05,0.254533488,,0.06575342465753424
389,390,2023-07-10 09:31:00,2023-08-04,145.0,P,132.04,0.05,12.76405623,,0.06575342465753424
390,391,2023-07-10 09:31:00,2023-08-04,146.0,C,132.04,0.05,0.205479074,,0.06575342465753424
391,392,2023-07-10 09:31:00,2023-08-04,146.0,P,132.04,0.05,13.75870143,,0.06575342465753424
392,393,2023-07-10 09:31:00,2023-08-04,147.0,C,132.04,0.05,0.238002041,,0.06575342465753424
393,394,2023-07-10 09:31:00,2023-08-04,147.0,P,132.04,0.05,0.0,,0.06575342465753424
394,395,2023-07-10 09:31:00,2023-08-04,148.0,C,132.04,0.05,0.213189615,,0.06575342465753424
395,396,2023-07-10 09:31:00,2023-08-04,148.0,P,132.04,0.05,0.0,,0.06575342465753424
396,397,2023-07-10 09:31:00,2023-08-04,150.0,C,132.04,0.05,0.101732304,,0.06575342465753424
397,398,2023-07-10 09:31:00,2023-08-04,150.0,P,132.04,0.05,17.63403099,,0.06575342465753424
398,399,2023-07-10 09:31:00,2023-08-04,152.5,C,132.04,0.05,0.077583648,,0.06575342465753424
399,400,2023-07-10 09:31:00,2023-08-04,152.5,P,132.04,0.05,0.0,,0.06575342465753424
400,401,2023-07-10 09:31:00,2023-08-04,155.0,C,132.04,0.05,0.063229183,,0.06575342465753424
401,402,2023-07-10 09:31:00,2023-08-04,155.0,P,132.04,0.05,0.0,,0.06575342465753424
402,403,2023-07-10 09:31:00,2023-08-04,160.0,C,132.04,0.05,0.053428005,,0.06575342465753424
403,404,2023-07-10 09:31:00,2023-08-04,160.0,P,132.04,0.05,0.0,,0.06575342465753424
404,405,2023-07-10 09:31:00,2023-08-04,165.0,C,132.04,0.05,0.11591293,,0.06575342465753424
405,406,2023-07-10 09:31:00,2023-08-04,165.0,P,132.04,0.05,0.0,,0.06575342465753424
406,407,2023-07-10 09:31:00,2023-08-04,170.0,C,132.04,0.05,0.110655168,,0.06575342465753424
407,408,2023-07-10 09:31:00,2023-08-04,170.0,P,132.04,0.05,0.0,,0.06575342465753424
408,409,2023-07-10 09:31:00,2023-08-04,175.0,C,132.04,0.05,0.038859697,,0.06575342465753424
409,410,2023-07-10 09:31:00,2023-08-04,175.0,P,132.04,0.05,0.0,,0.06575342465753424
410,411,2023-07-10 09:31:00,2023-08-04,180.0,C,132.04,0.05,0.038591578,,0.06575342465753424
411,412,2023-07-10 09:31:00,2023-08-04,180.0,P,132.04,0.05,0.0,,0.06575342465753424
412,413,2023-07-10 09:31:00,2023-08-11,80.0,C,132.04,0.05,0.0,,0.08493150684931507
413,414,2023-07-10 09:31:00,2023-08-11,80.0,P,132.04,0.05,0.042699012,,0.08493150684931507
414,415,2023-07-10 09:31:00,2023-08-11,85.0,C,132.04,0.05,0.0,,0.08493150684931507
415,416,2023-07-10 09:31:00,2023-08-11,85.0,P,132.04,0.05,0.041714056,,0.08493150684931507
416,417,2023-07-10 09:31:00,2023-08-11,90.0,C,132.04,0.05,0.0,,0.08493150684931507
417,418,2023-07-10 09:31:00,2023-08-11,90.0,P,132.04,0.05,0.040574448,,0.08493150684931507
418,419,2023-07-10 09:31:00,2023-08-11,95.0,C,132.04,0.05,0.0,,0.08493150684931507
419,420,2023-07-10 09:31:00,2023-08-11,95.0,P,132.04,0.05,0.042762283,,0.08493150684931507
420,421,2023-07-10 09:31:00,2023-08-11,100.0,C,132.04,0.05,0.0,,0.08493150684931507
421,422,2023-07-10 09:31:00,2023-08-11,100.0,P,132.04,0.05,0.120942716,,0.08493150684931507
422,423,2023-07-10 09:31:00,2023-08-11,105.0,C,132.04,0.05,0.0,,0.08493150684931507
423,424,2023-07-10 09:31:00,2023-08-11,105.0,P,132.04,0.05,0.13077764,,0.08493150684931507
424,425,2023-07-10 09:31:00,2023-08-11,110.0,C,132.04,0.05,0.0,,0.08493150684931507
425,426,2023-07-10 09:31:00,2023-08-11,110.0,P,132.04,0.05,0.171129346,,0.08493150684931507
426,427,2023-07-10 09:31:00,2023-08-11,115.0,C,132.04,0.05,17.66305161,,0.08493150684931507
427,428,2023-07-10 09:31:00,2023-08-11,115.0,P,132.04,0.05,0.221908422,,0.08493150684931507
428,429,2023-07-10 09:31:00,2023-08-11,118.0,C,132.04,0.05,14.83049232,,0.08493150684931507
429,430,2023-07-10 09:31:00,2023-08-11,118.0,P,132.04,0.05,0.223230909,,0.08493150684931507
430,431,2023-07-10 09:31:00,2023-08-11,119.0,C,132.04,0.05,14.39677998,,0.08493150684931507
431,432,2023-07-10 09:31:00,2023-08-11,119.0,P,132.04,0.05,0.305103815,,0.08493150684931507
432,433,2023-07-10 09:31:00,2023-08-11,120.0,C,132.04,0.05,13.4132522,,0.08493150684931507
433,434,2023-07-10 09:31:00,2023-08-11,120.0,P,132.04,0.05,0.383233073,,0.08493150684931507
434,435,2023-07-10 09:31:00,2023-08-11,121.0,C,132.04,0.05,12.0613012,,0.08493150684931507
435,436,2023-07-10 09:31:00,2023-08-11,121.0,P,132.04,0.05,0.458187364,,0.08493150684931507
436,437,2023-07-10 09:31:00,2023-08-11,122.0,C,132.04,0.05,11.47051311,,0.08493150684931507
437,438,2023-07-10 09:31:00,2023-08-11,122.0,P,132.04,0.05,0.551280695,,0.08493150684931507
438,439,2023-07-10 09:31:00,2023-08-11,123.0,C,132.04,0.05,10.25295481,,0.08493150684931507
439,440,2023-07-10 09:31:00,2023-08-11,123.0,P,132.04,0.05,0.754102374,,0.08493150684931507
440,441,2023-07-10 09:31:00,2023-08-11,124.0,C,132.04,0.05,9.410837017,,0.08493150684931507
441,442,2023-07-10 09:31:00,2023-08-11,124.0,P,132.04,0.05,0.886641051,,0.08493150684931507
442,443,2023-07-10 09:31:00,2023-08-11,125.0,C,132.04,0.05,8.553449854,,0.08493150684931507
443,444,2023-07-10 09:31:00,2023-08-11,125.0,P,132.04,0.05,1.043500074,,0.08493150684931507
444,445,2023-07-10 09:31:00,2023-08-11,126.0,C,132.04,0.05,7.749733523,,0.08493150684931507
445,446,2023-07-10 09:31:00,2023-08-11,126.0,P,132.04,0.05,1.140736396,,0.08493150684931507
446,447,2023-07-10 09:31:00,2023-08-11,127.0,C,132.04,0.05,6.986026647,,0.08493150684931507
447,448,2023-07-10 09:31:00,2023-08-11,127.0,P,132.04,0.05,1.357647992,,0.08493150684931507
448,449,2023-07-10 09:31:00,2023-08-11,128.0,C,132.04,0.05,6.250370245,,0.08493150684931507
449,450,2023-07-10 09:31:00,2023-08-11,128.0,P,132.04,0.05,1.539928002,,0.08493150684931507
450,451,2023-07-10 09:31:00,2023-08-11,129.0,C,132.04,0.05,5.545798381,,0.08493150684931507
451,452,2023-07-10 09:31:00,2023-08-11,129.0,P,132.04,0.05,1.878744912,,0.08493150684931507
452,453,2023-07-10 09:31:00,2023-08-11,130.0,C,132.04,0.05,4.89172586,,0.08493150684931507
453,454,2023-07-10 09:31:00,2023-08-11,130.0,P,132.04,0.05,2.219607846,,0.08493150684931507
454,455,2023-07-10 09:31:00,2023-08-11,131.0,C,132.04,0.05,4.453963542,,0.08493150684931507
455,456,2023-07-10 09:31:00,2023-08-11,131.0,P,132.04,0.05,2.582951206,,0.08493150684931507
456,457,2023-07-10 09:31:00,2023-08-11,132.0,C,132.04,0.05,3.87271674,,0.08493150684931507
457,458,2023-07-10 09:31:00,2023-08-11,132.0,P,132.04,0.05,3.04428348,,0.08493150684931507
458,459,2023-07-10 09:31:00,2023-08-11,133.0,C,132.04,0.05,3.156607365,,0.08493150684931507
459,460,2023-07-10 09:31:00,2023-08-11,133.0,P,132.04,0.05,3.50542689,,0.08493150684931507
460,461,2023-07-10 09:31:00,2023-08-11,134.0,C,132.04,0.05,2.813794061,,0.08493150684931507
461,462,2023-07-10 09:31:00,2023-08-11,134.0,P,132.04,0.05,4.044649963,,0.08493150684931507
462,463,2023-07-10 09:31:00,2023-08-11,135.0,C,132.04,0.05,2.317263932,,0.08493150684931507
463,464,2023-07-10 09:31:00,2023-08-11,135.0,P,132.04,0.05,4.636809069,,0.08493150684931507
464,465,2023-07-10 09:31:00,2023-08-11,136.0,C,132.04,0.05,1.955093415,,0.08493150684931507
465,466,2023-07-10 09:31:00,2023-08-11,136.0,P,132.04,0.05,5.257168297,,0.08493150684931507
466,467,2023-07-10 09:31:00,2023-08-11,137.0,C,132.04,0.05,1.547251064,,0.08493150684931507
467,468,2023-07-10 09:31:00,2023-08-11,137.0,P,132.04,0.05,5.970115646,,0.08493150684931507
468,469,2023-07-10 09:31:00,2023-08-11,138.0,C,132.04,0.05,1.414400639,,0.08493150684931507
469,470,2023-07-10 09:31:00,2023-08-11,138.0,P,132.04,0.05,6.706155341,,0.08493150684931507
470,471,2023-07-10 09:31:00,2023-08-11,139.0,C,132.04,0.05,1.150800395,,0.08493150684931507
471,472,2023-07-10 09:31:00,2023-08-11,139.0,P,132.04,0.05,7.462394618,,0.08493150684931507
472,473,2023-07-10 09:31:00,2023-08-11,140.0,C,132.04,0.05,0.830251523,,0.08493150684931507
473,474,2023-07-10 09:31:00,2023-08-11,140.0,P,132.04,0.05,8.258848419,,0.08493150684931507
474,475,2023-07-10 09:31:00,2023-08-11,141.0,C,132.04,0.05,0.802478945,,0.08493150684931507
475,476,2023-07-10 09:31:00,2023-08-11,141.0,P,132.04,0.05,9.677326014,,0.08493150684931507
476,477,2023-07-10 09:31:00,2023-08-11,142.0,C,132.04,0.05,0.621183065,,0.08493150684931507
477,478,2023-07-10 09:31:00,2023-08-11,142.0,P,132.04,0.05,9.97767329,,0.08493150684931507
478,479,2023-07-10 09:31:00,2023-08-11,143.0,C,132.04,0.05,0.490252552,,0.08493150684931507
479,480,2023-07-10 09:31:00,2023-08-11,143.0,P,132.04,0.05,11.49870895,,0.08493150684931507
480,481,2023-07-10 09:31:00,2023-08-11,144.0,C,132.04,0.05,0.586726063,,0.08493150684931507
481,482,2023-07-10 09:31:00,2023-08-11,144.0,P,132.04,0.05,12.42694691,,0.08493150684931507
482,483,2023-07-10 09:31:00,2023-08-11,145.0,C,132.04,0.05,0.500985182,,0.08493150684931507
483,484,2023-07-10 09:31:00,2023-08-11,145.0,P,132.04,0.05,13.35662233,,0.08493150684931507
484,485,2023-07-10 09:31:00,2023-08-11,146.0,C,132.04,0.05,0.437084582,,0.08493150684931507
485,486,2023-07-10 09:31:00,2023-08-11,146.0,P,132.04,0.05,14.28840417,,0.08493150684931507
486,487,2023-07-10 09:31:00,2023-08-11,147.0,C,132.04,0.05,0.355720185,,0.08493150684931507
487,488,2023-07-10 09:31:00,2023-08-11,147.0,P,132.04,0.05,15.23082363,,0.08493150684931507
488,489,2023-07-10 09:31:00,2023-08-11,148.0,C,132.04,0.05,0.317359398,,0.08493150684931507
489,490,2023-07-10 09:31:00,2023-08-11,148.0,P,132.04,0.05,15.64480178,,0.08493150684931507
490,491,2023-07-10 09:31:00,2023-08-11,150.0,C,132.04,0.05,0.261937882,,0.08493150684931507
491,492,2023-07-10 09:31:00,2023-08-11,150.0,P,132.04,0.05,17.55361951,,0.08493150684931507
492,493,2023-07-10 09:31:00,2023-08-11,152.5,C,132.04,0.05,0.109791489,,0.08493150684931507
493,494,2023-07-10 09:31:00,2023-08-11,152.5,P,132.04,0.05,19.97191023,,0.08493150684931507
494,495,2023-07-10 09:31:00,2023-08-11,155.0,C,132.04,0.05,0.197174896,,0.08493150684931507
495,496,2023-07-10 09:31:00,2023-08-11,155.0,P,132.04,0.05,22.37009548,,0.08493150684931507
496,497,2023-07-10 09:31:00,2023-08-11,160.0,C,132.04,0.05,0.189057393,,0.08493150684931507
497,498,2023-07-10 09:31:00,2023-08-11,160.0,P,132.04,0.05,27.40393388,,0.08493150684931507
498,499,2023-07-10 09:31:00,2023-08-11,165.0,C,132.04,0.05,0.180200381,,0.08493150684931507
499,500,2023-07-10 09:31:00,2023-08-11,165.0,P,132.04,0.05,32.43313814,,0.08493150684931507
500,501,2023-07-10 09:31:00,2023-08-11,170.0,C,132.04,0.05,0.173291459,,0.08493150684931507
501,502,2023-07-10 09:31:00,2023-08-11,170.0,P,132.04,0.05,37.28254105,,0.08493150684931507
502,503,2023-07-10 09:31:00,2023-08-11,175.0,C,132.04,0.05,0.170599899,,0.08493150684931507
503,504,2023-07-10 09:31:00,2023-08-11,175.0,P,132.04,0.05,0.0,,0.08493150684931507
504,505,2023-07-10 09:31:00,2023-08-11,180.0,C,132.04,0.05,0.094472437,,0.08493150684931507
505,506,2023-07-10 09:31:00,2023-08-11,180.0,P,132.04,0.05,47.22857441,,0.08493150684931507
506,507,2023-07-10 09:31:00,2023-08-18,65.0,C,132.04,0.05,0.0,,0.10410958904109589
507,508,2023-07-10 09:31:00,2023-08-18,65.0,P,132.04,0.05,0.03453464,,0.10410958904109589
508,509,2023-07-10 09:31:00,2023-08-18,70.0,C,132.04,0.05,62.57237594,,0.10410958904109589
509,510,2023-07-10 09:31:00,2023-08-18,70.0,P,132.04,0.05,0.014590543,,0.10410958904109589
510,511,2023-07-10 09:31:00,2023-08-18,75.0,C,132.04,0.05,57.44673019,,0.10410958904109589
511,512,2023-07-10 09:31:00,2023-08-18,75.0,P,132.04,0.05,0.014270171,,0.10410958904109589
512,513,2023-07-10 09:31:00,2023-08-18,80.0,C,132.04,0.05,0.0,,0.10410958904109589
513,514,2023-07-10 09:31:00,2023-08-18,80.0,P,132.04,0.05,0.017615213,,0.10410958904109589
514,515,2023-07-10 09:31:00,2023-08-18,85.0,C,132.04,0.05,47.51317053,,0.10410958904109589
515,516,2023-07-10 09:31:00,2023-08-18,85.0,P,132.04,0.05,0.020746696,,0.10410958904109589
516,517,2023-07-10 09:31:00,2023-08-18,90.0,C,132.04,0.05,0.0,,0.10410958904109589
517,518,2023-07-10 09:31:00,2023-08-18,90.0,P,132.04,0.05,0.023680758,,0.10410958904109589
518,519,2023-07-10 09:31:00,2023-08-18,95.0,C,132.04,0.05,0.0,,0.10410958904109589
519,520,2023-07-10 09:31:00,2023-08-18,95.0,P,132.04,0.05,0.070426111,,0.10410958904109589
520,521,2023-07-10 09:31:00,2023-08-18,100.0,C,132.04,0.05,32.61064152,,0.10410958904109589
521,522,2023-07-10 09:31:00,2023-08-18,100.0,P,132.04,0.05,0.035398335,,0.10410958904109589
522,523,2023-07-10 09:31:00,2023-08-18,105.0,C,132.04,0.05,27.64146651,,0.10410958904109589
523,524,2023-07-10 09:31:00,2023-08-18,105.0,P,132.04,0.05,0.068114536,,0.10410958904109589
524,525,2023-07-10 09:31:00,2023-08-18,110.0,C,132.04,0.05,22.7101283,,0.10410958904109589
525,526,2023-07-10 09:31:00,2023-08-18,110.0,P,132.04,0.05,0.087699624,,0.10410958904109589
526,527,2023-07-10 09:31:00,2023-08-18,115.0,C,132.04,0.05,18.39790977,,0.10410958904109589
527,528,2023-07-10 09:31:00,2023-08-18,115.0,P,132.04,0.05,0.214173051,,0.10410958904109589
528,529,2023-07-10 09:31:00,2023-08-18,120.0,C,132.04,0.05,13.16419234,,0.10410958904109589
529,530,2023-07-10 09:31:00,2023-08-18,120.0,P,132.04,0.05,0.472233302,,0.10410958904109589
530,531,2023-07-10 09:31:00,2023-08-18,125.0,C,132.04,0.05,8.857712403,,0.10410958904109589
531,532,2023-07-10 09:31:00,2023-08-18,125.0,P,132.04,0.05,1.12095311,,0.10410958904109589
532,533,2023-07-10 09:31:00,2023-08-18,130.0,C,132.04,0.05,5.166491654,,0.10410958904109589
533,534,2023-07-10 09:31:00,2023-08-18,130.0,P,132.04,0.05,2.294212367,,0.10410958904109589
534,535,2023-07-10 09:31:00,2023-08-18,135.0,C,132.04,0.05,2.701411084,,0.10410958904109589
535,536,2023-07-10 09:31:00,2023-08-18,135.0,P,132.04,0.05,4.845815504,,0.10410958904109589
536,537,2023-07-10 09:31:00,2023-08-18,140.0,C,132.04,0.05,1.132077821,,0.10410958904109589
537,538,2023-07-10 09:31:00,2023-08-18,140.0,P,132.04,0.05,8.31301941,,0.10410958904109589
538,539,2023-07-10 09:31:00,2023-08-18,145.0,C,132.04,0.05,0.465270287,,0.10410958904109589
539,540,2023-07-10 09:31:00,2023-08-18,145.0,P,132.04,0.05,13.28254785,,0.10410958904109589
540,541,2023-07-10 09:31:00,2023-08-18,150.0,C,132.04,0.05,0.262285544,,0.10410958904109589
541,542,2023-07-10 09:31:00,2023-08-18,150.0,P,132.04,0.05,17.99269832,,0.10410958904109589
542,543,2023-07-10 09:31:00,2023-08-18,155.0,C,132.04,0.05,0.136621213,,0.10410958904109589
543,544,2023-07-10 09:31:00,2023-08-18,155.0,P,132.04,0.05,22.28207397,,0.10410958904109589
544,545,2023-07-10 09:31:00,2023-08-18,160.0,C,132.04,0.05,0.036823537,,0.10410958904109589
545,546,2023-07-10 09:31:00,2023-08-18,160.0,P,132.04,0.05,27.14958835,,0.10410958904109589
546,547,2023-07-10 09:31:00,2023-08-18,165.0,C,132.04,0.05,0.034983391,,0.10410958904109589
547,548,2023-07-10 09:31:00,2023-08-18,165.0,P,132.04,0.05,32.2406005,,0.10410958904109589
548,549,2023-07-10 09:31:00,2023-08-18,170.0,C,132.04,0.05,0.033676207,,0.10410958904109589
549,550,2023-07-10 09:31:00,2023-08-18,170.0,P,132.04,0.05,37.13715053,,0.10410958904109589
550,551,2023-07-10 09:31:00,2023-08-18,175.0,C,132.04,0.05,0.056742693,,0.10410958904109589
551,552,2023-07-10 09:31:00,2023-08-18,175.0,P,132.04,0.05,0.0,,0.10410958904109589
552,553,2023-07-10 09:31:00,2023-08-18,180.0,C,132.04,0.05,0.025774141,,0.10410958904109589
553,554,2023-07-10 09:31:00,2023-08-18,180.0,P,132.04,0.05,47.03428343,,0.10410958904109589
554,555,2023-07-10 09:31:00,2023-08-18,185.0,C,132.04,0.05,0.048660261,,0.10410958904109589
555,556,2023-07-10 09:31:00,2023-08-18,185.0,P,132.04,0.05,52.12358268,,0.10410958904109589
556,557,2023-07-10 09:31:00,2023-08-18,190.0,C,132.04,0.05,0.047788408,,0.10410958904109589
557,558,2023-07-10 09:31:00,2023-08-18,190.0,P,132.04,0.05,56.99396137,,0.10410958904109589
558,559,2023-07-10 09:31:00,2023-08-18,195.0,C,132.04,0.05,0.047104799,,0.10410958904109589
559,560,2023-07-10 09:31:00,2023-08-18,195.0,P,132.04,0.05,62.04034043,,0.10410958904109589
560,561,2023-07-10 09:31:00,2023-08-18,200.0,C,132.04,0.05,0.046514485,,0.10410958904109589
561,562,2023-07-10 09:31:00,2023-08-18,200.0,P,132.04,0.05,0.0,,0.10410958904109589
562,563,2023-07-10 09:31:00,2023-08-18,205.0,C,132.04,0.05,0.045949774,,0.10410958904109589
563,564,2023-07-10 09:31:00,2023-08-18,205.0,P,132.04,0.05,0.0,,0.10410958904109589
564,565,2023-07-10 09:31:00,2023-08-25,80.0,C,132.04,0.05,0.0,,0.1232876712328767
565,566,2023-07-10 09:31:00,2023-08-25,80.0,P,132.04,0.05,0.135267352,,0.1232876712328767
566,567,2023-07-10 09:31:00,2023-08-25,85.0,C,132.04,0.05,0.0,,0.1232876712328767
567,568,2023-07-10 09:31:00,2023-08-25,85.0,P,132.04,0.05,0.052220208,,0.1232876712328767
568,569,2023-07-10 09:31:00,2023-08-25,90.0,C,132.04,0.05,0.0,,0.1232876712328767
569,570,2023-07-10 09:31:00,2023-08-25,90.0,P,132.04,0.05,0.0546687,,0.1232876712328767
570,571,2023-07-10 09:31:00,2023-08-25,95.0,C,132.04,0.05,0.0,,0.1232876712328767
571,572,2023-07-10 09:31:00,2023-08-25,95.0,P,132.04,0.05,0.143217219,,0.1232876712328767
572,573,2023-07-10 09:31:00,2023-08-25,100.0,C,132.04,0.05,0.0,,0.1232876712328767
573,574,2023-07-10 09:31:00,2023-08-25,100.0,P,132.04,0.05,0.150685351,,0.1232876712328767
574,575,2023-07-10 09:31:00,2023-08-25,105.0,C,132.04,0.05,0.0,,0.1232876712328767
575,576,2023-07-10 09:31:00,2023-08-25,105.0,P,132.04,0.05,0.088040993,,0.1232876712328767
576,577,2023-07-10 09:31:00,2023-08-25,110.0,C,132.04,0.05,0.0,,0.1232876712328767
577,578,2023-07-10 09:31:00,2023-08-25,110.0,P,132.04,0.05,0.119014868,,0.1232876712328767
578,579,2023-07-10 09:31:00,2023-08-25,115.0,C,132.04,0.05,18.02101918,,0.1232876712328767
579,580,2023-07-10 09:31:00,2023-08-25,115.0,P,132.04,0.05,0.199619687,,0.1232876712328767
580,581,2023-07-10 09:31:00,2023-08-25,120.0,C,132.04,0.05,13.32341057,,0.1232876712328767
581,582,2023-07-10 09:31:00,2023-08-25,120.0,P,132.04,0.05,0.658246314,,0.1232876712328767
582,583,2023-07-10 09:31:00,2023-08-25,121.0,C,132.04,0.05,12.53708347,,0.1232876712328767
583,584,2023-07-10 09:31:00,2023-08-25,121.0,P,132.04,0.05,0.572442556,,0.1232876712328767
584,585,2023-07-10 09:31:00,2023-08-25,122.0,C,132.04,0.05,11.86759006,,0.1232876712328767
585,586,2023-07-10 09:31:00,2023-08-25,122.0,P,132.04,0.05,0.681118862,,0.1232876712328767
586,587,2023-07-10 09:31:00,2023-08-25,123.0,C,132.04,0.05,10.77922849,,0.1232876712328767
587,588,2023-07-10 09:31:00,2023-08-25,123.0,P,132.04,0.05,0.876301141,,0.1232876712328767
588,589,2023-07-10 09:31:00,2023-08-25,124.0,C,132.04,0.05,9.935689928,,0.1232876712328767
589,590,2023-07-10 09:31:00,2023-08-25,124.0,P,132.04,0.05,1.06468701,,0.1232876712328767
590,591,2023-07-10 09:31:00,2023-08-25,125.0,C,132.04,0.05,9.116763796,,0.1232876712328767
591,592,2023-07-10 09:31:00,2023-08-25,125.0,P,132.04,0.05,1.313945261,,0.1232876712328767
592,593,2023-07-10 09:31:00,2023-08-25,126.0,C,132.04,0.05,8.344277352,,0.1232876712328767
593,594,2023-07-10 09:31:00,2023-08-25,126.0,P,132.04,0.05,1.431398094,,0.1232876712328767
594,595,2023-07-10 09:31:00,2023-08-25,127.0,C,132.04,0.05,7.568482134,,0.1232876712328767
595,596,2023-07-10 09:31:00,2023-08-25,127.0,P,132.04,0.05,1.665882449,,0.1232876712328767
596,597,2023-07-10 09:31:00,2023-08-25,128.0,C,132.04,0.05,6.862032557,,0.1232876712328767
597,598,2023-07-10 09:31:00,2023-08-25,128.0,P,132.04,0.05,1.943639677,,0.1232876712328767
598,599,2023-07-10 09:31:00,2023-08-25,129.0,C,132.04,0.05,6.154056804,,0.1232876712328767
599,600,2023-07-10 09:31:00,2023-08-25,129.0,P,132.04,0.05,2.085979187,,0.1232876712328767
600,601,2023-07-10 09:31:00,2023-08-25,130.0,C,132.04,0.05,5.480876214,,0.1232876712328767
601,602,2023-07-10 09:31:00,2023-08-25,130.0,P,132.04,0.05,2.57016542,,0.1232876712328767
602,603,2023-07-10 09:31:00,2023-08-25,131.0,C,132.04,0.05,4.870258305,,0.1232876712328767
603,604,2023-07-10 09:31:00,2023-08-25,131.0,P,132.04,0.05,2.987359677,,0.1232876712328767
604,605,2023-07-10 09:31:00,2023-08-25,132.0,C,132.04,0.05,4.388299453,,0.1232876712328767
605,606,2023-07-10 09:31:00,2023-08-25,132.0,P,132.04,0.05,3.434323044,,0.1232876712328767
606,607,2023-07-10 09:31:00,2023-08-25,133.0,C,132.04,0.05,3.714588901,,0.1232876712328767
607,608,2023-07-10 09:31:00,2023-08-25,133.0,P,132.04,0.05,3.899778706,,0.1232876712328767
608,609,2023-07-10 09:31:00,2023-08-25,134.0,C,132.04,0.05,3.227136857,,0.1232876712328767
609,610,2023-07-10 09:31:00,2023-08-25,134.0,P,132.04,0.05,4.310209193,,0.1232876712328767
610,611,2023-07-10 09:31:00,2023-08-25,135.0,C,132.04,0.05,2.892099164,,0.1232876712328767
611,612,2023-07-10 09:31:00,2023-08-25,135.0,P,132.04,0.05,4.86621726,,0.1232876712328767
612,613,2023-07-10 09:31:00,2023-08-25,136.0,C,132.04,0.05,2.490120421,,0.1232876712328767
613,614,2023-07-10 09:31:00,2023-08-25,136.0,P,132.04,0.05,5.454987868,,0.1232876712328767
614,615,2023-07-10 09:31:00,2023-08-25,137.0,C,132.04,0.05,2.159951477,,0.1232876712328767
615,616,2023-07-10 09:31:00,2023-08-25,137.0,P,132.04,0.05,6.134446377,,0.1232876712328767
616,617,2023-07-10 09:31:00,2023-08-25,138.0,C,132.04,0.05,1.804378868,,0.1232876712328767
617,618,2023-07-10 09:31:00,2023-08-25,138.0,P,132.04,0.05,6.852723632,,0.1232876712328767
618,619,2023-07-10 09:31:00,2023-08-25,139.0,C,132.04,0.05,1.50085149,,0.1232876712328767
619,620,2023-07-10 09:31:00,2023-08-25,139.0,P,132.04,0.05,7.58051326,,0.1232876712328767
620,621,2023-07-10 09:31:00,2023-08-25,140.0,C,132.04,0.05,1.205699634,,0.1232876712328767
621,622,2023-07-10 09:31:00,2023-08-25,140.0,P,132.04,0.05,8.336727497,,0.1232876712328767
622,623,2023-07-10 09:31:00,2023-08-25,141.0,C,132.04,0.05,1.079522633,,0.1232876712328767
623,624,2023-07-10 09:31:00,2023-08-25,141.0,P,132.04,0.05,9.612402362,,0.1232876712328767
624,625,2023-07-10 09:31:00,2023-08-25,142.0,C,132.04,0.05,0.911635762,,0.1232876712328767
625,626,2023-07-10 09:31:00,2023-08-25,142.0,P,132.04,0.05,9.983001387,,0.1232876712328767
626,627,2023-07-10 09:31:00,2023-08-25,143.0,C,132.04,0.05,0.790530315,,0.1232876712328767
627,628,2023-07-10 09:31:00,2023-08-25,143.0,P,132.04,0.05,10.85358382,,0.1232876712328767
628,629,2023-07-10 09:31:00,2023-08-25,144.0,C,132.04,0.05,0.664973249,,0.1232876712328767
629,630,2023-07-10 09:31:00,2023-08-25,144.0,P,132.04,0.05,11.8708731,,0.1232876712328767
630,631,2023-07-10 09:31:00,2023-08-25,145.0,C,132.04,0.05,0.567745081,,0.1232876712328767
631,632,2023-07-10 09:31:00,2023-08-25,145.0,P,132.04,0.05,12.79130505,,0.1232876712328767
632,633,2023-07-10 09:31:00,2023-08-25,146.0,C,132.04,0.05,0.655210056,,0.1232876712328767
633,634,2023-07-10 09:31:00,2023-08-25,146.0,P,132.04,0.05,13.72381542,,0.1232876712328767
634,635,2023-07-10 09:31:00,2023-08-25,147.0,C,132.04,0.05,0.431586414,,0.1232876712328767
635,636,2023-07-10 09:31:00,2023-08-25,147.0,P,132.04,0.05,14.63394185,,0.1232876712328767
636,637,2023-07-10 09:31:00,2023-08-25,148.0,C,132.04,0.05,0.476711957,,0.1232876712328767
637,638,2023-07-10 09:31:00,2023-08-25,148.0,P,132.04,0.05,15.55559622,,0.1232876712328767
638,639,2023-07-10 09:31:00,2023-08-25,150.0,C,132.04,0.05,0.334828215,,0.1232876712328767
639,640,2023-07-10 09:31:00,2023-08-25,150.0,P,132.04,0.05,17.48392244,,0.1232876712328767
640,641,2023-07-10 09:31:00,2023-08-25,152.5,C,132.04,0.05,0.290078999,,0.1232876712328767
641,642,2023-07-10 09:31:00,2023-08-25,152.5,P,132.04,0.05,19.8864053,,0.1232876712328767
642,643,2023-07-10 09:31:00,2023-08-25,155.0,C,132.04,0.05,0.253331057,,0.1232876712328767
643,644,2023-07-10 09:31:00,2023-08-25,155.0,P,132.04,0.05,22.31775831,,0.1232876712328767
644,645,2023-07-10 09:31:00,2023-08-25,160.0,C,132.04,0.05,0.096978445,,0.1232876712328767
645,646,2023-07-10 09:31:00,2023-08-25,160.0,P,132.04,0.05,27.19482976,,0.1232876712328767
646,647,2023-07-10 09:31:00,2023-08-25,165.0,C,132.04,0.05,0.087062659,,0.1232876712328767
647,648,2023-07-10 09:31:00,2023-08-25,165.0,P,132.04,0.05,32.13575173,,0.1232876712328767
648,649,2023-07-10 09:31:00,2023-08-25,170.0,C,132.04,0.05,0.084237677,,0.1232876712328767
649,650,2023-07-10 09:31:00,2023-08-25,170.0,P,132.04,0.05,37.05641947,,0.1232876712328767
650,651,2023-07-10 09:31:00,2023-08-25,175.0,C,132.04,0.05,0.117371555,,0.1232876712328767
651,652,2023-07-10 09:31:00,2023-08-25,175.0,P,132.04,0.05,42.05179842,,0.1232876712328767
652,653,2023-07-10 09:31:00,2023-08-25,180.0,C,132.04,0.05,0.115085305,,0.1232876712328767
653,654,2023-07-10 09:31:00,2023-08-25,180.0,P,132.04,0.05,46.97623039,,0.1232876712328767
654,655,2023-07-10 09:31:00,2023-09-15,65.0,C,132.04,0.05,67.75895746,,0.18082191780821918
655,656,2023-07-10 09:31:00,2023-09-15,65.0,P,132.04,0.05,0.015968708,,0.18082191780821918
656,657,2023-07-10 09:31:00,2023-09-15,70.0,C,132.04,0.05,62.78496132,,0.18082191780821918
657,658,2023-07-10 09:31:00,2023-09-15,70.0,P,132.04,0.05,0.019690816,,0.18082191780821918
658,659,2023-07-10 09:31:00,2023-09-15,75.0,C,132.04,0.05,57.9008402,,0.18082191780821918
659,660,2023-07-10 09:31:00,2023-09-15,75.0,P,132.04,0.05,0.027331519,,0.18082191780821918
660,661,2023-07-10 09:31:00,2023-09-15,80.0,C,132.04,0.05,52.85056657,,0.18082191780821918
661,662,2023-07-10 09:31:00,2023-09-15,80.0,P,132.04,0.05,0.030706841,,0.18082191780821918
662,663,2023-07-10 09:31:00,2023-09-15,85.0,C,132.04,0.05,47.90402025,,0.18082191780821918
663,664,2023-07-10 09:31:00,2023-09-15,85.0,P,132.04,0.05,0.034013366,,0.18082191780821918
664,665,2023-07-10 09:31:00,2023-09-15,90.0,C,132.04,0.05,0.0,,0.18082191780821918
665,666,2023-07-10 09:31:00,2023-09-15,90.0,P,132.04,0.05,0.044486513,,0.18082191780821918
666,667,2023-07-10 09:31:00,2023-09-15,95.0,C,132.04,0.05,37.93180453,,0.18082191780821918
667,668,2023-07-10 09:31:00,2023-09-15,95.0,P,132.04,0.05,0.062124499,,0.18082191780821918
668,669,2023-07-10 09:31:00,2023-09-15,100.0,C,132.04,0.05,0.0,,0.18082191780821918
669,670,2023-07-10 09:31:00,2023-09-15,100.0,P,132.04,0.05,0.087145323,,0.18082191780821918
670,671,2023-07-10 09:31:00,2023-09-15,105.0,C,132.04,0.05,28.2128863,,0.18082191780821918
671,672,2023-07-10 09:31:00,2023-09-15,105.0,P,132.04,0.05,0.125292027,,0.18082191780821918
672,673,2023-07-10 09:31:00,2023-09-15,110.0,C,132.04,0.05,23.67903365,,0.18082191780821918
673,674,2023-07-10 09:31:00,2023-09-15,110.0,P,132.04,0.05,0.258048321,,0.18082191780821918
674,675,2023-07-10 09:31:00,2023-09-15,115.0,C,132.04,0.05,18.53914874,,0.18082191780821918
675,676,2023-07-10 09:31:00,2023-09-15,115.0,P,132.04,0.05,0.428455698,,0.18082191780821918
676,677,2023-07-10 09:31:00,2023-09-15,120.0,C,132.04,0.05,14.41576599,,0.18082191780821918
677,678,2023-07-10 09:31:00,2023-09-15,120.0,P,132.04,0.05,0.827491452,,0.18082191780821918
678,679,2023-07-10 09:31:00,2023-09-15,125.0,C,132.04,0.05,10.06193767,,0.18082191780821918
679,680,2023-07-10 09:31:00,2023-09-15,125.0,P,132.04,0.05,1.639164088,,0.18082191780821918
680,681,2023-07-10 09:31:00,2023-09-15,130.0,C,132.04,0.05,6.18122171,,0.18082191780821918
681,682,2023-07-10 09:31:00,2023-09-15,130.0,P,132.04,0.05,2.994486396,,0.18082191780821918
682,683,2023-07-10 09:31:00,2023-09-15,135.0,C,132.04,0.05,3.433455656,,0.18082191780821918
683,684,2023-07-10 09:31:00,2023-09-15,135.0,P,132.04,0.05,5.349655551,,0.18082191780821918
684,685,2023-07-10 09:31:00,2023-09-15,140.0,C,132.04,0.05,1.657101958,,0.18082191780821918
685,686,2023-07-10 09:31:00,2023-09-15,140.0,P,132.04,0.05,8.375778344,,0.18082191780821918
686,687,2023-07-10 09:31:00,2023-09-15,145.0,C,132.04,0.05,0.768527814,,0.18082191780821918
687,688,2023-07-10 09:31:00,2023-09-15,145.0,P,132.04,0.05,12.3707802,,0.18082191780821918
688,689,2023-07-10 09:31:00,2023-09-15,150.0,C,132.04,0.05,0.354405896,,0.18082191780821918
689,690,2023-07-10 09:31:00,2023-09-15,150.0,P,132.04,0.05,0.0,,0.18082191780821918
690,691,2023-07-10 09:31:00,2023-09-15,155.0,C,132.04,0.05,0.179757849,,0.18082191780821918
691,692,2023-07-10 09:31:00,2023-09-15,155.0,P,132.04,0.05,22.11772064,,0.18082191780821918
692,693,2023-07-10 09:31:00,2023-09-15,160.0,C,132.04,0.05,0.095279464,,0.18082191780821918
693,694,2023-07-10 09:31:00,2023-09-15,160.0,P,132.04,0.05,27.00038798,,0.18082191780821918
694,695,2023-07-10 09:31:00,2023-09-15,165.0,C,132.04,0.05,0.058361321,,0.18082191780821918
695,696,2023-07-10 09:31:00,2023-09-15,165.0,P,132.04,0.05,31.89045528,,0.18082191780821918
696,697,2023-07-10 09:31:00,2023-09-15,170.0,C,132.04,0.05,0.036462177,,0.18082191780821918
697,698,2023-07-10 09:31:00,2023-09-15,170.0,P,132.04,0.05,36.8677423,,0.18082191780821918
698,699,2023-07-10 09:31:00,2023-09-15,175.0,C,132.04,0.05,0.035266932,,0.18082191780821918
699,700,2023-07-10 09:31:00,2023-09-15,175.0,P,132.04,0.05,41.76495304,,0.18082191780821918
700,701,2023-07-10 09:31:00,2023-09-15,180.0,C,132.04,0.05,0.027883354,,0.18082191780821918
701,702,2023-07-10 09:31:00,2023-09-15,180.0,P,132.04,0.05,46.43128884,,0.18082191780821918
702,703,2023-07-10 09:31:00,2023-09-15,185.0,C,132.04,0.05,0.027241894,,0.18082191780821918
703,704,2023-07-10 09:31:00,2023-09-15,185.0,P,132.04,0.05,51.41277722,,0.18082191780821918
704,705,2023-07-10 09:31:00,2023-09-15,190.0,C,132.04,0.05,0.020373635,,0.18082191780821918
705,706,2023-07-10 09:31:00,2023-09-15,190.0,P,132.04,0.05,0.0,,0.18082191780821918
706,707,2023-07-10 09:31:00,2023-09-15,195.0,C,132.04,0.05,0.019984129,,0.18082191780821918
707,708,2023-07-10 09:31:00,2023-09-15,195.0,P,132.04,0.05,61.40542456,,0.18082191780821918
708,709,2023-07-10 09:31:00,2023-09-15,200.0,C,132.04,0.05,0.019661213,,0.18082191780821918
709,710,2023-07-10 09:31:00,2023-09-15,200.0,P,132.04,0.05,66.35048837,,0.18082191780821918
710,711,2023-07-10 09:31:00,2023-10-20,65.0,C,132.04,0.05,0.0,,0.27671232876712326
711,712,2023-07-10 09:31:00,2023-10-20,65.0,P,132.04,0.05,0.029397108,,0.27671232876712326
712,713,2023-07-10 09:31:00,2023-10-20,70.0,C,132.04,0.05,0.0,,0.27671232876712326
713,714,2023-07-10 09:31:00,2023-10-20,70.0,P,132.04,0.05,0.033285263,,0.27671232876712326
714,715,2023-07-10 09:31:00,2023-10-20,75.0,C,132.04,0.05,0.0,,0.27671232876712326
715,716,2023-07-10 09:31:00,2023-10-20,75.0,P,132.04,0.05,0.04935739,,0.27671232876712326
716,717,2023-07-10 09:31:00,2023-10-20,80.0,C,132.04,0.05,0.0,,0.27671232876712326
717,718,2023-07-10 09:31:00,2023-10-20,80.0,P,132.04,0.05,0.060911657,,0.27671232876712326
718,719,2023-07-10 09:31:00,2023-10-20,85.0,C,132.04,0.05,48.83394725,,0.27671232876712326
719,720,2023-07-10 09:31:00,2023-10-20,85.0,P,132.04,0.05,0.088838321,,0.27671232876712326
720,721,2023-07-10 09:31:00,2023-10-20,90.0,C,132.04,0.05,43.85009684,,0.27671232876712326
721,722,2023-07-10 09:31:00,2023-10-20,90.0,P,132.04,0.05,0.119864404,,0.27671232876712326
722,723,2023-07-10 09:31:00,2023-10-20,95.0,C,132.04,0.05,38.9148104,,0.27671232876712326
723,724,2023-07-10 09:31:00,2023-10-20,95.0,P,132.04,0.05,0.166660373,,0.27671232876712326
724,725,2023-07-10 09:31:00,2023-10-20,100.0,C,132.04,0.05,34.05022573,,0.27671232876712326
725,726,2023-07-10 09:31:00,2023-10-20,100.0,P,132.04,0.05,0.227869855,,0.27671232876712326
726,727,2023-07-10 09:31:00,2023-10-20,105.0,C,132.04,0.05,29.23380862,,0.27671232876712326
727,728,2023-07-10 09:31:00,2023-10-20,105.0,P,132.04,0.05,0.331584043,,0.27671232876712326
728,729,2023-07-10 09:31:00,2023-10-20,110.0,C,132.04,0.05,24.58296036,,0.27671232876712326
729,730,2023-07-10 09:31:00,2023-10-20,110.0,P,132.04,0.05,0.51758724,,0.27671232876712326
730,731,2023-07-10 09:31:00,2023-10-20,115.0,C,132.04,0.05,19.48605581,,0.27671232876712326
731,732,2023-07-10 09:31:00,2023-10-20,115.0,P,132.04,0.05,0.802142947,,0.27671232876712326
732,733,2023-07-10 09:31:00,2023-10-20,120.0,C,132.04,0.05,15.09346529,,0.27671232876712326
733,734,2023-07-10 09:31:00,2023-10-20,120.0,P,132.04,0.05,1.275509279,,0.27671232876712326
734,735,2023-07-10 09:31:00,2023-10-20,125.0,C,132.04,0.05,11.00128642,,0.27671232876712326
735,736,2023-07-10 09:31:00,2023-10-20,125.0,P,132.04,0.05,2.130182509,,0.27671232876712326
736,737,2023-07-10 09:31:00,2023-10-20,130.0,C,132.04,0.05,7.431953653,,0.27671232876712326
737,738,2023-07-10 09:31:00,2023-10-20,130.0,P,132.04,0.05,3.493310931,,0.27671232876712326
738,739,2023-07-10 09:31:00,2023-10-20,135.0,C,132.04,0.05,4.542784183,,0.27671232876712326
739,740,2023-07-10 09:31:00,2023-10-20,135.0,P,132.04,0.05,5.556469426,,0.27671232876712326
740,741,2023-07-10 09:31:00,2023-10-20,140.0,C,132.04,0.05,2.522995859,,0.27671232876712326
741,742,2023-07-10 09:31:00,2023-10-20,140.0,P,132.04,0.05,8.499034144,,0.27671232876712326
742,743,2023-07-10 09:31:00,2023-10-20,145.0,C,132.04,0.05,1.386515008,,0.27671232876712326
743,744,2023-07-10 09:31:00,2023-10-20,145.0,P,132.04,0.05,11.9196557,,0.27671232876712326
744,745,2023-07-10 09:31:00,2023-10-20,150.0,C,132.04,0.05,0.732208263,,0.27671232876712326
745,746,2023-07-10 09:31:00,2023-10-20,150.0,P,132.04,0.05,17.05259425,,0.27671232876712326
746,747,2023-07-10 09:31:00,2023-10-20,155.0,C,132.04,0.05,0.412608924,,0.27671232876712326
747,748,2023-07-10 09:31:00,2023-10-20,155.0,P,132.04,0.05,21.96729453,,0.27671232876712326
748,749,2023-07-10 09:31:00,2023-10-20,160.0,C,132.04,0.05,0.233547269,,0.27671232876712326
749,750,2023-07-10 09:31:00,2023-10-20,160.0,P,132.04,0.05,26.29666356,,0.27671232876712326
750,751,2023-07-10 09:31:00,2023-10-20,165.0,C,132.04,0.05,0.138577724,,0.27671232876712326
751,752,2023-07-10 09:31:00,2023-10-20,165.0,P,132.04,0.05,31.25911171,,0.27671232876712326
752,753,2023-07-10 09:31:00,2023-10-20,170.0,C,132.04,0.05,0.090478502,,0.27671232876712326
753,754,2023-07-10 09:31:00,2023-10-20,170.0,P,132.04,0.05,36.22137365,,0.27671232876712326
754,755,2023-07-10 09:31:00,2023-10-20,175.0,C,132.04,0.05,0.068924341,,0.27671232876712326
755,756,2023-07-10 09:31:00,2023-10-20,175.0,P,132.04,0.05,41.23791347,,0.27671232876712326
756,757,2023-07-10 09:31:00,2023-10-20,180.0,C,132.04,0.05,0.04834409,,0.27671232876712326
757,758,2023-07-10 09:31:00,2023-10-20,180.0,P,132.04,0.05,46.24851355,,0.27671232876712326
758,759,2023-07-10 09:31:00,2023-10-20,185.0,C,132.04,0.05,0.084672862,,0.27671232876712326
759,760,2023-07-10 09:31:00,2023-10-20,185.0,P,132.04,0.05,51.13318237,,0.27671232876712326
760,761,2023-07-10 09:31:00,2023-10-20,190.0,C,132.04,0.05,0.077254381,,0.27671232876712326
761,762,2023-07-10 09:31:00,2023-10-20,190.0,P,132.04,0.05,56.09687896,,0.27671232876712326
762,763,2023-07-10 09:31:00,2023-10-20,195.0,C,132.04,0.05,0.033373153,,0.27671232876712326
763,764,2023-07-10 09:31:00,2023-10-20,195.0,P,132.04,0.05,61.10742419,,0.27671232876712326
764,765,2023-07-10 09:31:00,2023-10-20,200.0,C,132.04,0.05,0.032865846,,0.27671232876712326
765,766,2023-07-10 09:31:00,2023-10-20,200.0,P,132.04,0.05,65.96238989,,0.27671232876712326
766,767,2023-07-10 09:31:00,2023-10-20,205.0,C,132.04,0.05,0.026303505,,0.27671232876712326
767,768,2023-07-10 09:31:00,2023-10-20,205.0,P,132.04,0.05,71.01739311,,0.27671232876712326
768,769,2023-07-10 09:31:00,2024-01-19,60.0,C,132.04,0.05,0.0,,0.5260273972602739
769,770,2023-07-10 09:31:00,2024-01-19,60.0,P,132.04,0.05,0.048020478,,0.5260273972602739
770,771,2023-07-10 09:31:00,2024-01-19,65.0,C,132.04,0.05,0.0,,0.5260273972602739
771,772,2023-07-10 09:31:00,2024-01-19,65.0,P,132.04,0.05,0.067448754,,0.5260273972602739
772,773,2023-07-10 09:31:00,2024-01-19,70.0,C,132.04,0.05,0.0,,0.5260273972602739
773,774,2023-07-10 09:31:00,2024-01-19,70.0,P,132.04,0.05,0.11083794,,0.5260273972602739
774,775,2023-07-10 09:31:00,2024-01-19,75.0,C,132.04,0.05,0.0,,0.5260273972602739
775,776,2023-07-10 09:31:00,2024-01-19,75.0,P,132.04,0.05,0.140686184,,0.5260273972602739
776,777,2023-07-10 09:31:00,2024-01-19,80.0,C,132.04,0.05,54.35112147,,0.5260273972602739
777,778,2023-07-10 09:31:00,2024-01-19,80.0,P,132.04,0.05,0.189827646,,0.5260273972602739
778,779,2023-07-10 09:31:00,2024-01-19,85.0,C,132.04,0.05,49.34422896,,0.5260273972602739
779,780,2023-07-10 09:31:00,2024-01-19,85.0,P,132.04,0.05,0.282218299,,0.5260273972602739
780,781,2023-07-10 09:31:00,2024-01-19,90.0,C,132.04,0.05,44.85064643,,0.5260273972602739
781,782,2023-07-10 09:31:00,2024-01-19,90.0,P,132.04,0.05,0.306198574,,0.5260273972602739
782,783,2023-07-10 09:31:00,2024-01-19,95.0,C,132.04,0.05,39.98662279,,0.5260273972602739
783,784,2023-07-10 09:31:00,2024-01-19,95.0,P,132.04,0.05,0.424395274,,0.5260273972602739
784,785,2023-07-10 09:31:00,2024-01-19,100.0,C,132.04,0.05,35.03945427,,0.5260273972602739
785,786,2023-07-10 09:31:00,2024-01-19,100.0,P,132.04,0.05,0.573314593,,0.5260273972602739
786,787,2023-07-10 09:31:00,2024-01-19,105.0,C,132.04,0.05,30.50881764,,0.5260273972602739
787,788,2023-07-10 09:31:00,2024-01-19,105.0,P,132.04,0.05,0.863230099,,0.5260273972602739
788,789,2023-07-10 09:31:00,2024-01-19,110.0,C,132.04,0.05,25.75075685,,0.5260273972602739
789,790,2023-07-10 09:31:00,2024-01-19,110.0,P,132.04,0.05,1.220358399,,0.5260273972602739
790,791,2023-07-10 09:31:00,2024-01-19,115.0,C,132.04,0.05,21.52570554,,0.5260273972602739
791,792,2023-07-10 09:31:00,2024-01-19,115.0,P,132.04,0.05,1.781900175,,0.5260273972602739
792,793,2023-07-10 09:31:00,2024-01-19,120.0,C,132.04,0.05,17.50750188,,0.5260273972602739
793,794,2023-07-10 09:31:00,2024-01-19,120.0,P,132.04,0.05,2.394600938,,0.5260273972602739
794,795,2023-07-10 09:31:00,2024-01-19,125.0,C,132.04,0.05,13.53172887,,0.5260273972602739
795,796,2023-07-10 09:31:00,2024-01-19,125.0,P,132.04,0.05,3.447576355,,0.5260273972602739
796,797,2023-07-10 09:31:00,2024-01-19,130.0,C,132.04,0.05,10.38655543,,0.5260273972602739
797,798,2023-07-10 09:31:00,2024-01-19,130.0,P,132.04,0.05,4.846918466,,0.5260273972602739
798,799,2023-07-10 09:31:00,2024-01-19,135.0,C,132.04,0.05,7.715185186,,0.5260273972602739
799,800,2023-07-10 09:31:00,2024-01-19,135.0,P,132.04,0.05,7.045335454,,0.5260273972602739
800,801,2023-07-10 09:31:00,2024-01-19,140.0,C,132.04,0.05,5.337976817,,0.5260273972602739
801,802,2023-07-10 09:31:00,2024-01-19,140.0,P,132.04,0.05,9.757990917,,0.5260273972602739
802,803,2023-07-10 09:31:00,2024-01-19,145.0,C,132.04,0.05,3.193065118,,0.5260273972602739
803,804,2023-07-10 09:31:00,2024-01-19,145.0,P,132.04,0.05,12.77132498,,0.5260273972602739
804,805,2023-07-10 09:31:00,2024-01-19,150.0,C,132.04,0.05,2.299703222,,0.5260273972602739
805,806,2023-07-10 09:31:00,2024-01-19,150.0,P,132.04,0.05,16.50089659,,0.5260273972602739
806,807,2023-07-10 09:31:00,2024-01-19,155.0,C,132.04,0.05,1.535307828,,0.5260273972602739
807,808,2023-07-10 09:31:00,2024-01-19,155.0,P,132.04,0.05,20.31299653,,0.5260273972602739
808,809,2023-07-10 09:31:00,2024-01-19,160.0,C,132.04,0.05,0.785707195,,0.5260273972602739
809,810,2023-07-10 09:31:00,2024-01-19,160.0,P,132.04,0.05,0.0,,0.5260273972602739
810,811,2023-07-10 09:31:00,2024-01-19,165.0,C,132.04,0.05,0.533458591,,0.5260273972602739
811,812,2023-07-10 09:31:00,2024-01-19,165.0,P,132.04,0.05,0.0,,0.5260273972602739
812,813,2023-07-10 09:31:00,2024-01-19,170.0,C,132.04,0.05,0.361378756,,0.5260273972602739
813,814,2023-07-10 09:31:00,2024-01-19,170.0,P,132.04,0.05,34.44012213,,0.5260273972602739
814,815,2023-07-10 09:31:00,2024-01-19,175.0,C,132.04,0.05,0.36847348,,0.5260273972602739
815,816,2023-07-10 09:31:00,2024-01-19,175.0,P,132.04,0.05,39.20453549,,0.5260273972602739
816,817,2023-07-10 09:31:00,2024-01-19,180.0,C,132.04,0.05,0.400570932,,0.5260273972602739
817,818,2023-07-10 09:31:00,2024-01-19,180.0,P,132.04,0.05,44.11863916,,0.5260273972602739
818,819,2023-07-10 09:31:00,2024-01-19,185.0,C,132.04,0.05,0.206373956,,0.5260273972602739
819,820,2023-07-10 09:31:00,2024-01-19,185.0,P,132.04,0.05,48.86868291,,0.5260273972602739
820,821,2023-07-10 09:31:00,2024-01-19,190.0,C,132.04,0.05,0.147357336,,0.5260273972602739
821,822,2023-07-10 09:31:00,2024-01-19,190.0,P,132.04,0.05,53.83405077,,0.5260273972602739
822,823,2023-07-10 09:31:00,2024-01-19,195.0,C,132.04,0.05,0.073460384,,0.5260273972602739
823,824,2023-07-10 09:31:00,2024-01-19,195.0,P,132.04,0.05,58.447345,,0.5260273972602739
824,825,2023-07-10 09:31:00,2024-01-19,200.0,C,132.04,0.05,0.086044359,,0.5260273972602739
825,826,2023-07-10 09:31:00,2024-01-19,200.0,P,132.04,0.05,0.0,,0.5260273972602739
826,827,2023-07-10 09:31:00,2024-01-19,210.0,C,132.04,0.05,0.055027115,,0.5260273972602739
827,828,2023-07-10 09:31:00,2024-01-19,210.0,P,132.04,0.05,72.99491944,,0.5260273972602739
828,829,2023-07-10 09:31:00,2024-01-19,220.0,C,132.04,0.05,0.053412788,,0.5260273972602739
829,830,2023-07-10 09:31:00,2024-01-19,220.0,P,132.04,0.05,82.68750699,,0.5260273972602739
830,831,2023-07-10 09:31:00,2024-06-21,60.0,C,132.04,0.05,0.0,,0.947945205479452
831,832,2023-07-10 09:31:00,2024-06-21,60.0,P,132.04,0.05,0.171925497,,0.947945205479452
832,833,2023-07-10 09:31:00,2024-06-21,65.0,C,132.04,0.05,0.0,,0.947945205479452
833,834,2023-07-10 09:31:00,2024-06-21,65.0,P,132.04,0.05,0.185199682,,0.947945205479452
834,835,2023-07-10 09:31:00,2024-06-21,70.0,C,132.04,0.05,0.0,,0.947945205479452
835,836,2023-07-10 09:31:00,2024-06-21,70.0,P,132.04,0.05,0.239460467,,0.947945205479452
836,837,2023-07-10 09:31:00,2024-06-21,75.0,C,132.04,0.05,0.0,,0.947945205479452
837,838,2023-07-10 09:31:00,2024-06-21,75.0,P,132.04,0.05,0.503483863,,0.947945205479452
838,839,2023-07-10 09:31:00,2024-06-21,80.0,C,132.04,0.05,56.08311516,,0.947945205479452
839,840,2023-07-10 09:31:00,2024-06-21,80.0,P,132.04,0.05,0.544918854,,0.947945205479452
840,841,2023-07-10 09:31:00,2024-06-21,85.0,C,132.04,0.05,0.0,,0.947945205479452
841,842,2023-07-10 09:31:00,2024-06-21,85.0,P,132.04,0.05,0.72950348,,0.947945205479452
842,843,2023-07-10 09:31:00,2024-06-21,90.0,C,132.04,0.05,47.23460064,,0.947945205479452
843,844,2023-07-10 09:31:00,2024-06-21,90.0,P,132.04,0.05,0.958155226,,0.947945205479452
844,845,2023-07-10 09:31:00,2024-06-21,95.0,C,132.04,0.05,42.74326786,,0.947945205479452
845,846,2023-07-10 09:31:00,2024-06-21,95.0,P,132.04,0.05,1.228690472,,0.947945205479452
846,847,2023-07-10 09:31:00,2024-06-21,100.0,C,132.04,0.05,38.18358878,,0.947945205479452
847,848,2023-07-10 09:31:00,2024-06-21,100.0,P,132.04,0.05,1.581200852,,0.947945205479452
848,849,2023-07-10 09:31:00,2024-06-21,105.0,C,132.04,0.05,33.86167924,,0.947945205479452
849,850,2023-07-10 09:31:00,2024-06-21,105.0,P,132.04,0.05,2.026652791,,0.947945205479452
850,851,2023-07-10 09:31:00,2024-06-21,110.0,C,132.04,0.05,29.69500754,,0.947945205479452
851,852,2023-07-10 09:31:00,2024-06-21,110.0,P,132.04,0.05,2.585992151,,0.947945205479452
852,853,2023-07-10 09:31:00,2024-06-21,115.0,C,132.04,0.05,25.68734289,,0.947945205479452
853,854,2023-07-10 09:31:00,2024-06-21,115.0,P,132.04,0.05,3.340658907,,0.947945205479452
854,855,2023-07-10 09:31:00,2024-06-21,120.0,C,132.04,0.05,21.9848435,,0.947945205479452
855,856,2023-07-10 09:31:00,2024-06-21,120.0,P,132.04,0.05,4.362731047,,0.947945205479452
856,857,2023-07-10 09:31:00,2024-06-21,125.0,C,132.04,0.05,18.27116655,,0.947945205479452
857,858,2023-07-10 09:31:00,2024-06-21,125.0,P,132.04,0.05,5.535526083,,0.947945205479452
858,859,2023-07-10 09:31:00,2024-06-21,130.0,C,132.04,0.05,15.21945003,,0.947945205479452
859,860,2023-07-10 09:31:00,2024-06-21,130.0,P,132.04,0.05,6.972668533,,0.947945205479452
860,861,2023-07-10 09:31:00,2024-06-21,135.0,C,132.04,0.05,12.11274927,,0.947945205479452
861,862,2023-07-10 09:31:00,2024-06-21,135.0,P,132.04,0.05,8.843387277,,0.947945205479452
862,863,2023-07-10 09:31:00,2024-06-21,140.0,C,132.04,0.05,9.41691375,,0.947945205479452
863,864,2023-07-10 09:31:00,2024-06-21,140.0,P,132.04,0.05,11.01909373,,0.947945205479452
864,865,2023-07-10 09:31:00,2024-06-21,145.0,C,132.04,0.05,7.262053484,,0.947945205479452
865,866,2023-07-10 09:31:00,2024-06-21,145.0,P,132.04,0.05,13.63654077,,0.947945205479452
866,867,2023-07-10 09:31:00,2024-06-21,150.0,C,132.04,0.05,5.455223723,,0.947945205479452
867,868,2023-07-10 09:31:00,2024-06-21,150.0,P,132.04,0.05,16.7717885,,0.947945205479452
868,869,2023-07-10 09:31:00,2024-06-21,155.0,C,132.04,0.05,4.190857913,,0.947945205479452
869,870,2023-07-10 09:31:00,2024-06-21,155.0,P,132.04,0.05,19.9935485,,0.947945205479452
870,871,2023-07-10 09:31:00,2024-06-21,160.0,C,132.04,0.05,3.092628691,,0.947945205479452
871,872,2023-07-10 09:31:00,2024-06-21,160.0,P,132.04,0.05,23.7060139,,0.947945205479452
872,873,2023-07-10 09:31:00,2024-06-21,165.0,C,132.04,0.05,2.343250417,,0.947945205479452
873,874,2023-07-10 09:31:00,2024-06-21,165.0,P,132.04,0.05,27.88589212,,0.947945205479452
874,875,2023-07-10 09:31:00,2024-06-21,170.0,C,132.04,0.05,1.592946352,,0.947945205479452
875,876,2023-07-10 09:31:00,2024-06-21,170.0,P,132.04,0.05,32.27108554,,0.947945205479452
876,877,2023-07-10 09:31:00,2024-06-21,175.0,C,132.04,0.05,1.251857292,,0.947945205479452
877,878,2023-07-10 09:31:00,2024-06-21,175.0,P,132.04,0.05,36.61827525,,0.947945205479452
878,879,2023-07-10 09:31:00,2024-06-21,180.0,C,132.04,0.05,0.741603572,,0.947945205479452
879,880,2023-07-10 09:31:00,2024-06-21,180.0,P,132.04,0.05,41.22458316,,0.947945205479452
880,881,2023-07-10 09:31:00,2024-06-21,185.0,C,132.04,0.05,0.772548323,,0.947945205479452
881,882,2023-07-10 09:31:00,2024-06-21,185.0,P,132.04,0.05,46.0492228,,0.947945205479452
882,883,2023-07-10 09:31:00,2024-06-21,190.0,C,132.04,0.05,0.62993232,,0.947945205479452
883,884,2023-07-10 09:31:00,2024-06-21,190.0,P,132.04,0.05,50.91237499,,0.947945205479452
884,885,2023-07-10 09:31:00,2024-06-21,195.0,C,132.04,0.05,0.48104676,,0.947945205479452
885,886,2023-07-10 09:31:00,2024-06-21,195.0,P,132.04,0.05,55.35263934,,0.947945205479452
886,887,2023-07-10 09:31:00,2024-06-21,200.0,C,132.04,0.05,0.382044919,,0.947945205479452
887,888,2023-07-10 09:31:00,2024-06-21,200.0,P,132.04,0.05,0.0,,0.947945205479452
888,889,2023-07-10 09:31:00,2024-06-21,210.0,C,132.04,0.05,0.293711942,,0.947945205479452
889,890,2023-07-10 09:31:00,2024-06-21,210.0,P,132.04,0.05,70.52002096,,0.947945205479452
890,891,2023-07-10 09:31:00,2024-06-21,220.0,C,132.04,0.05,0.480981334,,0.947945205479452
891,892,2023-07-10 09:31:00,2024-06-21,220.0,P,132.04,0.05,79.26458041,,0.947945205479452
892,893,2023-07-10 09:31:00,2025-01-17,60.0,C,132.04,0.05,77.9811529,,1.5232876712328767
893,894,2023-07-10 09:31:00,2025-01-17,60.0,P,132.04,0.05,0.317923954,,1.5232876712328767
894,895,2023-07-10 09:31:00,2025-01-17,65.0,C,132.04,0.05,73.01786347,,1.5232876712328767
895,896,2023-07-10 09:31:00,2025-01-17,65.0,P,132.04,0.05,0.452644219,,1.5232876712328767
896,897,2023-07-10 09:31:00,2025-01-17,70.0,C,132.04,0.05,68.40677663,,1.5232876712328767
897,898,2023-07-10 09:31:00,2025-01-17,70.0,P,132.04,0.05,0.63605028,,1.5232876712328767
898,899,2023-07-10 09:31:00,2025-01-17,75.0,C,132.04,0.05,63.857673,,1.5232876712328767
899,900,2023-07-10 09:31:00,2025-01-17,75.0,P,132.04,0.05,0.860827526,,1.5232876712328767
900,901,2023-07-10 09:31:00,2025-01-17,80.0,C,132.04,0.05,59.33646799,,1.5232876712328767
901,902,2023-07-10 09:31:00,2025-01-17,80.0,P,132.04,0.05,1.138566495,,1.5232876712328767
902,903,2023-07-10 09:31:00,2025-01-17,85.0,C,132.04,0.05,55.05195004,,1.5232876712328767
903,904,2023-07-10 09:31:00,2025-01-17,85.0,P,132.04,0.05,1.423568687,,1.5232876712328767
904,905,2023-07-10 09:31:00,2025-01-17,90.0,C,132.04,0.05,50.83416816,,1.5232876712328767
905,906,2023-07-10 09:31:00,2025-01-17,90.0,P,132.04,0.05,1.732997738,,1.5232876712328767
906,907,2023-07-10 09:31:00,2025-01-17,95.0,C,132.04,0.05,46.28078857,,1.5232876712328767
907,908,2023-07-10 09:31:00,2025-01-17,95.0,P,132.04,0.05,1.952595045,,1.5232876712328767
908,909,2023-07-10 09:31:00,2025-01-17,100.0,C,132.04,0.05,42.15120822,,1.5232876712328767
909,910,2023-07-10 09:31:00,2025-01-17,100.0,P,132.04,0.05,2.664245613,,1.5232876712328767
910,911,2023-07-10 09:31:00,2025-01-17,105.0,C,132.04,0.05,38.1299981,,1.5232876712328767
911,912,2023-07-10 09:31:00,2025-01-17,105.0,P,132.04,0.05,3.259689444,,1.5232876712328767
912,913,2023-07-10 09:31:00,2025-01-17,110.0,C,132.04,0.05,34.36396154,,1.5232876712328767
913,914,2023-07-10 09:31:00,2025-01-17,110.0,P,132.04,0.05,3.972688907,,1.5232876712328767
914,915,2023-07-10 09:31:00,2025-01-17,115.0,C,132.04,0.05,30.95235639,,1.5232876712328767
915,916,2023-07-10 09:31:00,2025-01-17,115.0,P,132.04,0.05,4.837206093,,1.5232876712328767
916,917,2023-07-10 09:31:00,2025-01-17,120.0,C,132.04,0.05,26.89393373,,1.5232876712328767
917,918,2023-07-10 09:31:00,2025-01-17,120.0,P,132.04,0.05,5.895042995,,1.5232876712328767
918,919,2023-07-10 09:31:00,2025-01-17,125.0,C,132.04,0.05,23.42318919,,1.5232876712328767
919,920,2023-07-10 09:31:00,2025-01-17,125.0,P,132.04,0.05,7.129678494,,1.5232876712328767
920,921,2023-07-10 09:31:00,2025-01-17,130.0,C,132.04,0.05,20.23307336,,1.5232876712328767
921,922,2023-07-10 09:31:00,2025-01-17,130.0,P,132.04,0.05,8.566389724,,1.5232876712328767
922,923,2023-07-10 09:31:00,2025-01-17,135.0,C,132.04,0.05,17.28238883,,1.5232876712328767
923,924,2023-07-10 09:31:00,2025-01-17,135.0,P,132.04,0.05,10.21300575,,1.5232876712328767
924,925,2023-07-10 09:31:00,2025-01-17,140.0,C,132.04,0.05,14.57840509,,1.5232876712328767
925,926,2023-07-10 09:31:00,2025-01-17,140.0,P,132.04,0.05,12.18207479,,1.5232876712328767
926,927,2023-07-10 09:31:00,2025-01-17,145.0,C,132.04,0.05,12.16127981,,1.5232876712328767
927,928,2023-07-10 09:31:00,2025-01-17,145.0,P,132.04,0.05,14.37069144,,1.5232876712328767
928,929,2023-07-10 09:31:00,2025-01-17,150.0,C,132.04,0.05,10.05273771,,1.5232876712328767
929,930,2023-07-10 09:31:00,2025-01-17,150.0,P,132.04,0.05,16.96050288,,1.5232876712328767
930,931,2023-07-10 09:31:00,2025-01-17,155.0,C,132.04,0.05,8.257513067,,1.5232876712328767
931,932,2023-07-10 09:31:00,2025-01-17,155.0,P,132.04,0.05,19.71743777,,1.5232876712328767
932,933,2023-07-10 09:31:00,2025-01-17,160.0,C,132.04,0.05,6.676965842,,1.5232876712328767
933,934,2023-07-10 09:31:00,2025-01-17,160.0,P,132.04,0.05,22.89103897,,1.5232876712328767
934,935,2023-07-10 09:31:00,2025-01-17,165.0,C,132.04,0.05,5.347831689,,1.5232876712328767
935,936,2023-07-10 09:31:00,2025-01-17,165.0,P,132.04,0.05,26.32751084,,1.5232876712328767
936,937,2023-07-10 09:31:00,2025-01-17,170.0,C,132.04,0.05,4.434553135,,1.5232876712328767
937,938,2023-07-10 09:31:00,2025-01-17,170.0,P,132.04,0.05,29.93273435,,1.5232876712328767
938,939,2023-07-10 09:31:00,2025-01-17,175.0,C,132.04,0.05,3.500289042,,1.5232876712328767
939,940,2023-07-10 09:31:00,2025-01-17,175.0,P,132.04,0.05,33.59745815,,1.5232876712328767
940,941,2023-07-10 09:31:00,2025-01-17,180.0,C,132.04,0.05,2.818113763,,1.5232876712328767
941,942,2023-07-10 09:31:00,2025-01-17,180.0,P,132.04,0.05,37.73645081,,1.5232876712328767
942,943,2023-07-10 09:31:00,2025-01-17,185.0,C,132.04,0.05,2.241095409,,1.5232876712328767
943,944,2023-07-10 09:31:00,2025-01-17,185.0,P,132.04,0.05,0.0,,1.5232876712328767
944,945,2023-07-10 09:31:00,2025-01-17,190.0,C,132.04,0.05,2.001934245,,1.5232876712328767
945,946,2023-07-10 09:31:00,2025-01-17,190.0,P,132.04,0.05,0.0,,1.5232876712328767
946,947,2023-07-10 09:31:00,2025-01-17,195.0,C,132.04,0.05,1.428179818,,1.5232876712328767
947,948,2023-07-10 09:31:00,2025-01-17,195.0,P,132.04,0.05,0.0,,1.5232876712328767
948,949,2023-07-10 09:31:00,2025-01-17,200.0,C,132.04,0.05,1.282740641,,1.5232876712328767
949,950,2023-07-10 09:31:00,2025-01-17,200.0,P,132.04,0.05,0.0,,1.5232876712328767
950,951,2023-07-10 09:31:00,2025-01-17,210.0,C,132.04,0.05,0.96032192,,1.5232876712328767
951,952,2023-07-10 09:31:00,2025-01-17,210.0,P,132.04,0.05,0.0,,1.5232876712328767
952,953,2023-07-10 09:31:00,2025-01-17,220.0,C,132.04,0.05,0.700714476,,1.5232876712328767
953,954,2023-07-10 09:31:00,2025-01-17,220.0,P,132.04,0.05,0.0,,1.5232876712328767
