timestamp,asset,price,volume,twap,vwap
2020-12-30 00:00:00 000,avax,2.92224758,1284170.86971392,,
2020-12-29 00:00:00 000,avax,2.92261785,1854050.05232634,,
2020-12-28 00:00:00 000,avax,2.95747741,1900149.72789097,,
2020-12-27 00:00:00 000,avax,2.90433731,1286716.10233373,,
2020-12-26 00:00:00 000,avax,2.92567311,928429.44400213,,
2020-12-25 00:00:00 000,avax,2.95173669,1369017.19099827,,
2020-12-24 00:00:00 000,avax,3.11014904,1580895.20833996,,
2020-12-23 00:00:00 000,avax,2.94794236,4921477.43283035,,
2020-12-22 00:00:00 000,avax,3.0783447,961470.2789599,,
2020-12-21 00:00:00 000,avax,3.09672832,2532428.34021772,,
2020-12-20 00:00:00 000,avax,3.31201108,868142.25246549,,
2020-12-19 00:00:00 000,avax,3.46731951,1073137.88572582,,
2020-12-18 00:00:00 000,avax,3.40998941,1185502.13198664,,
2020-12-17 00:00:00 000,avax,3.21196573,1424013.54304023,,
2020-12-16 00:00:00 000,avax,3.34242562,1792560.33105036,,
2020-12-15 00:00:00 000,avax,3.30086565,1733954.33374926,,
2020-12-14 00:00:00 000,avax,3.13709039,2494882.63748034,,
2020-12-13 00:00:00 000,avax,3.33986236,1639679.84756178,,
2020-12-12 00:00:00 000,avax,3.33555496,1665025.88267823,,
2020-12-11 00:00:00 000,avax,3.23578124,1631841.58214535,,
2020-12-10 00:00:00 000,avax,3.14333193,2352434.52237634,,
2020-12-09 00:00:00 000,avax,3.26067014,2606572.57410424,,
2020-12-08 00:00:00 000,avax,3.12573002,1724175.30534297,,
2020-12-07 00:00:00 000,avax,3.39087792,706470.01693833,,
2020-12-06 00:00:00 000,avax,3.61072266,465594.2590599,,
2020-12-05 00:00:00 000,avax,3.64605112,486955.49773655,,
2020-12-04 00:00:00 000,avax,3.53468144,702221.37512179,,
2020-12-03 00:00:00 000,avax,3.82051392,635088.73941163,,
2020-12-02 00:00:00 000,avax,3.7379239,650312.23935336,,
2020-12-01 00:00:00 000,avax,3.56579095,958672.46051956,,
2020-11-30 00:00:00 000,avax,3.70224662,692300.84454876,,
2020-11-29 00:00:00 000,avax,3.70388841,517884.87445242,,
2020-11-28 00:00:00 000,avax,3.62983118,540837.59179696,,
2020-11-27 00:00:00 000,avax,3.60195389,767210.9264181,,
2020-11-26 00:00:00 000,avax,3.5490533,1714002.33007665,,
2020-11-25 00:00:00 000,avax,4.04406528,1324121.43064738,,
2020-11-24 00:00:00 000,avax,4.2599633,1671787.12626844,,
2020-11-23 00:00:00 000,avax,4.07128721,1301120.91398149,,
2020-11-22 00:00:00 000,avax,3.89293945,1052276.66478045,,
2020-11-21 00:00:00 000,avax,4.01729677,982875.41534578,,
2020-11-20 00:00:00 000,avax,3.71934579,1218746.89827783,,
2020-11-19 00:00:00 000,avax,3.64026626,785310.89371461,,
2020-11-18 00:00:00 000,avax,3.74943933,971371.76125599,,
2020-11-17 00:00:00 000,avax,3.84132882,998623.99543832,,
2020-11-16 00:00:00 000,avax,3.70655101,1158926.90974444,,
2020-11-15 00:00:00 000,avax,3.5427468,775499.61394121,,
2020-11-14 00:00:00 000,avax,3.48926432,751075.57957722,,
2020-11-13 00:00:00 000,avax,3.67738597,1055841.23049704,,
2020-11-12 00:00:00 000,avax,3.41987334,644527.39226084,,
2020-11-11 00:00:00 000,avax,3.48833833,779077.1293735,,
2020-11-10 00:00:00 000,avax,3.57896622,880222.68743145,,
2020-11-09 00:00:00 000,avax,3.41473917,785403.35934005,,
2020-11-08 00:00:00 000,avax,3.47543445,979054.47573101,,
2020-11-07 00:00:00 000,avax,3.42423331,1384004.93331963,,
2020-11-06 00:00:00 000,avax,3.59478795,1585478.86630606,,
2020-11-05 00:00:00 000,avax,3.3380847,1168913.21779474,,
2020-11-04 00:00:00 000,avax,3.18856292,822111.4357144,,
2020-11-03 00:00:00 000,avax,3.33173784,1159713.19767682,,
2020-11-02 00:00:00 000,avax,3.61877734,743643.15824754,,
2020-11-01 00:00:00 000,avax,3.68703136,529873.83612098,,
2020-10-31 00:00:00 000,avax,3.64437292,668204.81729991,,
2020-10-30 00:00:00 000,avax,3.72336289,1509246.9206445,,
2020-10-29 00:00:00 000,avax,3.77796358,898257.40374437,,
2020-10-28 00:00:00 000,avax,4.06058628,785901.21202281,,
2020-10-27 00:00:00 000,avax,4.12521233,648466.0182773,,
2020-10-26 00:00:00 000,avax,4.15218395,1215630.73145343,,
2020-10-25 00:00:00 000,avax,4.14956652,462134.41387074,,
2020-10-24 00:00:00 000,avax,4.18659655,453641.82993024,,
2020-10-23 00:00:00 000,avax,4.25662684,753363.31501084,,
2020-10-22 00:00:00 000,avax,4.33950433,1408414.71002178,,
2020-10-21 00:00:00 000,avax,3.96955013,680284.57682383,,
2020-10-20 00:00:00 000,avax,3.80574375,1145851.48412026,,
2020-10-19 00:00:00 000,avax,4.05107063,593179.82914974,,
2020-10-18 00:00:00 000,avax,4.12371981,284199.78751836,,
2020-10-17 00:00:00 000,avax,4.19659402,496286.32859394,,
2020-10-16 00:00:00 000,avax,4.03751949,990457.410889,,
2020-10-15 00:00:00 000,avax,4.13300032,591760.04233618,,
2020-10-14 00:00:00 000,avax,4.15791257,963408.93316408,,
2020-10-13 00:00:00 000,avax,4.48310777,1266827.25910627,,
2020-10-12 00:00:00 000,avax,4.4146861,1408555.47350918,,
2020-10-11 00:00:00 000,avax,4.09573369,775876.06921813,,
2020-10-10 00:00:00 000,avax,4.0278249,1269611.81394732,,
2020-10-09 00:00:00 000,avax,4.24679849,944758.30010073,,
2020-10-08 00:00:00 000,avax,3.92104584,1439249.81528087,,
2020-10-07 00:00:00 000,avax,3.44863135,1595613.02546291,,
2020-10-06 00:00:00 000,avax,3.54387671,1648761.56596478,,
2020-10-05 00:00:00 000,avax,3.9907842,857387.34456499,,
2020-10-04 00:00:00 000,avax,3.97146389,1083669.87517097,,
2020-10-03 00:00:00 000,avax,4.02426429,750707.25176027,,
2020-10-02 00:00:00 000,avax,3.90886559,3347938.32881738,,
2020-10-01 00:00:00 000,avax,4.15949429,2655702.71862668,,
2020-09-30 00:00:00 000,avax,4.31794583,1834881.58271074,,
2020-09-29 00:00:00 000,avax,4.13486462,2168981.60145976,,
2020-09-28 00:00:00 000,avax,4.20331384,2515623.96810435,,
2020-09-27 00:00:00 000,avax,4.64814461,2596693.88544568,,
2020-09-26 00:00:00 000,avax,4.52469722,3229366.27729037,,
2020-09-25 00:00:00 000,avax,4.71787139,6913279.88743986,,
2020-09-24 00:00:00 000,avax,4.61324389,13271441.08610978,,
2020-09-23 00:00:00 000,avax,3.52066782,19630761.65211374,,
2021-12-30 00:00:00 000,avax,101.79522776,4772130.89091823,,
2021-12-29 00:00:00 000,avax,103.07881663,4845363.00922126,,
2021-12-28 00:00:00 000,avax,107.07562228,6922089.11339621,,
2021-12-27 00:00:00 000,avax,113.78742809,3938333.25847665,,
2021-12-26 00:00:00 000,avax,115.1695903,4413991.39667587,,
2021-12-25 00:00:00 000,avax,114.87949656,4010879.02118113,,
2021-12-24 00:00:00 000,avax,114.84592496,5071289.47696846,,
2021-12-23 00:00:00 000,avax,121.45151308,5936620.04665138,,
2021-12-22 00:00:00 000,avax,116.57456935,6895761.79277038,,
2021-12-21 00:00:00 000,avax,123.34794705,8496225.33915562,,
2021-12-20 00:00:00 000,avax,113.39938977,10373668.92598174,,
2021-12-19 00:00:00 000,avax,107.57640657,5126795.10711313,,
2021-12-18 00:00:00 000,avax,115.9784122,8240450.69133673,,
2021-12-17 00:00:00 000,avax,110.92738653,14136438.01945739,,
2021-12-16 00:00:00 000,avax,98.36121013,11649151.58006907,,
2021-12-15 00:00:00 000,avax,101.2227306,15373886.92955797,,
2021-12-14 00:00:00 000,avax,87.335923,7534219.62846964,,
2021-12-13 00:00:00 000,avax,79.13793187,8926155.0425411,,
2021-12-12 00:00:00 000,avax,88.08730416,3882070.10913105,,
2021-12-11 00:00:00 000,avax,86.46636179,5619344.71407908,,
2021-12-10 00:00:00 000,avax,80.64100597,7415115.57160769,,
2021-12-09 00:00:00 000,avax,85.523275,6209743.26502695,,
2021-12-08 00:00:00 000,avax,93.21127612,4481219.05980575,,
2021-12-07 00:00:00 000,avax,89.68041577,6722730.33394329,,
2021-12-06 00:00:00 000,avax,93.27414344,12118098.72824744,,
2021-12-05 00:00:00 000,avax,86.23076802,8774671.45963422,,
2021-12-04 00:00:00 000,avax,93.12841946,14140307.69414502,,
2021-12-03 00:00:00 000,avax,108.39630776,7445832.23217484,,
2021-12-02 00:00:00 000,avax,107.88440286,6173546.4879967,,
2021-12-01 00:00:00 000,avax,119.77720656,7409924.17537991,,
2021-11-30 00:00:00 000,avax,120.62690827,8765811.27857509,,
2021-11-29 00:00:00 000,avax,120.60918124,6062835.52145602,,
2021-11-28 00:00:00 000,avax,110.60944267,7806480.42150244,,
2021-11-27 00:00:00 000,avax,113.4180166,6258804.37591625,,
2021-11-26 00:00:00 000,avax,104.15215135,9898740.5554619,,
2021-11-25 00:00:00 000,avax,119.20370363,11004364.22550065,,
2021-11-24 00:00:00 000,avax,115.23607817,10177844.05752649,,
2021-11-23 00:00:00 000,avax,123.94662371,9307785.92816002,,
2021-11-22 00:00:00 000,avax,134.99224806,15325629.00643902,,
2021-11-21 00:00:00 000,avax,128.79743654,16805983.01944345,,
2021-11-20 00:00:00 000,avax,126.09342158,11767832.79641108,,
2021-11-19 00:00:00 000,avax,112.31595852,8934627.96332192,,
2021-11-18 00:00:00 000,avax,100.64066829,12153668.14395113,,
2021-11-17 00:00:00 000,avax,107.87014341,14202392.53301015,,
2021-11-16 00:00:00 000,avax,97.98615104,12398438.91927372,,
2021-11-15 00:00:00 000,avax,93.77359181,7964331.35446273,,
2021-11-14 00:00:00 000,avax,95.63717446,7769307.64553851,,
2021-11-13 00:00:00 000,avax,97.44665202,7384913.32801087,,
2021-11-12 00:00:00 000,avax,84.87207007,4875387.92213319,,
2021-11-11 00:00:00 000,avax,88.24237459,4599013.2564151,,
2021-11-10 00:00:00 000,avax,85.43060462,9830368.63098568,,
2021-11-09 00:00:00 000,avax,88.28848221,5651561.43859703,,
2021-11-08 00:00:00 000,avax,91.2279453,14624577.14589574,,
2021-11-07 00:00:00 000,avax,87.71855164,10492435.81538424,,
2021-11-06 00:00:00 000,avax,78.65902586,4000478.97504281,,
2021-11-05 00:00:00 000,avax,74.25770144,5140629.01252301,,
2021-11-04 00:00:00 000,avax,79.25748161,9325289.55312686,,
2021-11-03 00:00:00 000,avax,75.63164796,9619592.14531462,,
2021-11-02 00:00:00 000,avax,67.74394908,3830453.92297264,,
2021-11-01 00:00:00 000,avax,65.05413585,5221273.37703331,,
2021-10-31 00:00:00 000,avax,64.43365249,3403986.65817068,,
2021-10-30 00:00:00 000,avax,62.38136919,3214087.47849028,,
2021-10-29 00:00:00 000,avax,64.8199384,3542391.43109577,,
2021-10-28 00:00:00 000,avax,64.42358064,5540158.579626,,
2021-10-27 00:00:00 000,avax,61.68318795,9293590.5204727,,
2021-10-26 00:00:00 000,avax,68.79082885,8275959.44690287,,
2021-10-25 00:00:00 000,avax,69.76056681,4866550.7326708,,
2021-10-24 00:00:00 000,avax,64.49903745,4656825.27983094,,
2021-10-23 00:00:00 000,avax,65.39181699,6271726.00102544,,
2021-10-22 00:00:00 000,avax,65.50884778,11251280.89281301,,
2021-10-21 00:00:00 000,avax,61.39171748,7819871.12099779,,
2021-10-20 00:00:00 000,avax,59.61031732,5682779.46358483,,
2021-10-19 00:00:00 000,avax,56.83545781,3959867.79808304,,
2021-10-18 00:00:00 000,avax,55.51812298,3348515.185244,,
2021-10-17 00:00:00 000,avax,56.05216091,4382809.9324233,,
2021-10-16 00:00:00 000,avax,57.53327779,6371941.20960393,,
2021-10-15 00:00:00 000,avax,56.30912028,6442766.11175953,,
2021-10-14 00:00:00 000,avax,56.15108803,5804610.75012584,,
2021-10-13 00:00:00 000,avax,55.08274093,7820010.06062415,,
2021-10-12 00:00:00 000,avax,54.33854506,8439913.35273199,,
2021-10-11 00:00:00 000,avax,55.31312527,7016103.37140734,,
2021-10-10 00:00:00 000,avax,56.7048642,5271846.68255421,,
2021-10-09 00:00:00 000,avax,60.63163145,3914274.65354512,,
2021-10-08 00:00:00 000,avax,60.451193,8368949.6997561,,
2021-10-07 00:00:00 000,avax,61.48672041,9511846.92468726,,
2021-10-06 00:00:00 000,avax,60.06422475,10327875.11116187,,
2021-10-05 00:00:00 000,avax,64.64354472,7672508.04753255,,
2021-10-04 00:00:00 000,avax,65.33874702,9009836.37489314,,
2021-10-03 00:00:00 000,avax,68.84049946,8683761.23008043,,
2021-10-02 00:00:00 000,avax,69.2364959,11664818.37993909,,
2021-10-01 00:00:00 000,avax,67.72043367,12819439.07384375,,
2021-09-30 00:00:00 000,avax,66.70825966,9768900.45358834,,
2021-09-29 00:00:00 000,avax,65.46044184,12885863.021669,,
2021-09-28 00:00:00 000,avax,61.50441835,9412418.99502007,,
2021-09-27 00:00:00 000,avax,66.39897919,10889520.32327201,,
2021-09-26 00:00:00 000,avax,66.89205178,12204052.51939179,,
2021-09-25 00:00:00 000,avax,68.34441459,9408105.53106929,,
2021-09-24 00:00:00 000,avax,72.38917532,20654644.70774086,,
2021-09-23 00:00:00 000,avax,76.44914699,19601109.99854443,,
2021-09-22 00:00:00 000,avax,74.05576095,23483022.20180153,,
2021-09-21 00:00:00 000,avax,58.97402773,29027487.6803797,,
2021-09-20 00:00:00 000,avax,57.07493725,26930599.35869317,,
2021-09-19 00:00:00 000,avax,70.04415353,16873683.84654964,,
2021-09-18 00:00:00 000,avax,68.99563839,18381549.07107812,,
2021-09-17 00:00:00 000,avax,69.94961929,20565538.89523189,,
2021-09-16 00:00:00 000,avax,67.69317973,28933800.97974251,,
2021-09-15 00:00:00 000,avax,57.79543017,15428390.34899921,,
2021-09-14 00:00:00 000,avax,51.51613992,20044686.06774929,,
2021-09-13 00:00:00 000,avax,53.15698101,38173675.08220774,,
2021-09-12 00:00:00 000,avax,59.2254142,37198213.68367749,,
2021-09-11 00:00:00 000,avax,57.09674581,36589988.88169026,,
2021-09-10 00:00:00 000,avax,49.27741177,41252420.49458024,,
2021-09-09 00:00:00 000,avax,40.77295625,25423395.2825303,,
2021-09-08 00:00:00 000,avax,36.99296696,20058994.46320081,,
2021-09-07 00:00:00 000,avax,37.76462474,23763220.13485984,,
2021-09-06 00:00:00 000,avax,47.08979234,18316199.88483049,,
2021-09-05 00:00:00 000,avax,48.19318828,14009249.51462907,,
2021-09-04 00:00:00 000,avax,47.16181072,14071509.07974399,,
2021-09-03 00:00:00 000,avax,45.91486189,20600709.4786541,,
2021-09-02 00:00:00 000,avax,47.65794572,16018081.07661908,,
2021-09-01 00:00:00 000,avax,42.34145022,20243698.78596904,,
2021-08-31 00:00:00 000,avax,39.55898205,17544461.90763672,,
2021-08-30 00:00:00 000,avax,41.3940844,16150705.36259223,,
2021-08-29 00:00:00 000,avax,47.44028413,12681485.81119526,,
2021-08-28 00:00:00 000,avax,50.19107925,17349036.14239243,,
2021-08-27 00:00:00 000,avax,50.10174214,28860086.70147883,,
2021-08-26 00:00:00 000,avax,41.33343068,23799406.41639544,,
2021-08-25 00:00:00 000,avax,46.20062328,24708951.14637885,,
2021-08-24 00:00:00 000,avax,55.55039898,32837673.20891742,,
2021-08-23 00:00:00 000,avax,46.43944847,25607368.18681182,,
2021-08-22 00:00:00 000,avax,43.65753248,20873665.07522502,,
2021-08-21 00:00:00 000,avax,43.7320057,31165673.54427981,,
2021-08-20 00:00:00 000,avax,38.65290419,15568118.93514703,,
2021-08-19 00:00:00 000,avax,30.71209728,30041599.35944901,,
2021-08-18 00:00:00 000,avax,29.91143463,34821023.5858712,,
2021-08-17 00:00:00 000,avax,23.5087678,26724735.27365171,,
2021-08-16 00:00:00 000,avax,19.12017451,11356978.71549933,,
2021-08-15 00:00:00 000,avax,18.78316678,4310501.09146943,,
2021-08-14 00:00:00 000,avax,18.08316087,4458164.39832844,,
2021-08-13 00:00:00 000,avax,18.05317476,5045921.99596049,,
2021-08-12 00:00:00 000,avax,16.57050299,5612049.29036608,,
2021-08-11 00:00:00 000,avax,16.71749651,6098889.16075676,,
2021-08-10 00:00:00 000,avax,16.44284321,6438522.53225504,,
2021-08-09 00:00:00 000,avax,16.18565723,7766208.79999127,,
2021-08-08 00:00:00 000,avax,14.81964692,4253932.22551273,,
2021-08-07 00:00:00 000,avax,15.81227774,7166908.40039048,,
2021-08-06 00:00:00 000,avax,14.74580486,6088742.08763716,,
2021-08-05 00:00:00 000,avax,13.84033214,4314530.8728626,,
2021-08-04 00:00:00 000,avax,13.70181151,4061956.03555974,,
2021-08-03 00:00:00 000,avax,12.55505094,4087046.50982254,,
2021-08-02 00:00:00 000,avax,12.99721699,3282606.4933388,,
2021-08-01 00:00:00 000,avax,12.87344541,5825162.00488708,,
2021-07-31 00:00:00 000,avax,13.56253282,4022115.81851664,,
2021-07-30 00:00:00 000,avax,12.99509275,4550867.74222683,,
2021-07-29 00:00:00 000,avax,12.42608382,4643087.47101756,,
2021-07-28 00:00:00 000,avax,12.29508933,4805011.51061183,,
2021-07-27 00:00:00 000,avax,11.93087172,3509917.70200881,,
2021-07-26 00:00:00 000,avax,11.47390661,6676186.86830498,,
2021-07-25 00:00:00 000,avax,11.25135934,2100969.19564945,,
2021-07-24 00:00:00 000,avax,11.1568086,2682528.21865934,,
2021-07-23 00:00:00 000,avax,11.08254286,2401329.6523745,,
2021-07-22 00:00:00 000,avax,10.8410869,3039784.56709791,,
2021-07-21 00:00:00 000,avax,10.42701535,3309926.73510277,,
2021-07-20 00:00:00 000,avax,9.63871681,2746098.9301435,,
2021-07-19 00:00:00 000,avax,10.17396648,2125249.71025562,,
2021-07-18 00:00:00 000,avax,10.69571813,2027227.9060736,,
2021-07-17 00:00:00 000,avax,10.95967892,1974099.3578426,,
2021-07-16 00:00:00 000,avax,10.82825985,3086927.4730663,,
2021-07-15 00:00:00 000,avax,11.38439642,2738219.24919121,,
2021-07-14 00:00:00 000,avax,11.78867898,3362216.26548645,,
2021-07-13 00:00:00 000,avax,11.90276514,3322298.30416546,,
2021-07-12 00:00:00 000,avax,12.17793305,3438905.38059278,,
2021-07-11 00:00:00 000,avax,12.42390217,2002030.23209701,,
2021-07-10 00:00:00 000,avax,12.0274207,2482220.20472504,,
2021-07-09 00:00:00 000,avax,12.54299598,4566113.19189585,,
2021-07-08 00:00:00 000,avax,12.0978167,4838505.0715204,,
2021-07-07 00:00:00 000,avax,13.09605859,6185686.24337186,,
2021-07-06 00:00:00 000,avax,13.36576686,6906639.38813589,,
2021-07-05 00:00:00 000,avax,12.03262657,3106494.8351014,,
2021-07-04 00:00:00 000,avax,12.35555404,2892032.63235111,,
2021-07-03 00:00:00 000,avax,11.50566911,1570886.23638283,,
2021-07-02 00:00:00 000,avax,11.12688205,2071172.86379346,,
2021-07-01 00:00:00 000,avax,11.20050159,1606724.18690716,,
2021-06-30 00:00:00 000,avax,11.95042061,2583575.37717292,,
2021-06-29 00:00:00 000,avax,11.88208442,2946814.12896891,,
2021-06-28 00:00:00 000,avax,11.31441087,2196778.83594655,,
2021-06-27 00:00:00 000,avax,10.94295789,1677768.57351989,,
2021-06-26 00:00:00 000,avax,10.30581538,2271448.60337753,,
2021-06-25 00:00:00 000,avax,10.25175222,2961883.71174149,,
2021-06-24 00:00:00 000,avax,11.48808346,2889023.76589411,,
2021-06-23 00:00:00 000,avax,11.46155777,4270632.18194754,,
2021-06-22 00:00:00 000,avax,10.55134972,7067795.92934737,,
2021-06-21 00:00:00 000,avax,11.2196506,5142562.47136475,,
2021-06-20 00:00:00 000,avax,13.93514591,2732541.67827648,,
2021-06-19 00:00:00 000,avax,13.41312703,1797793.97935698,,
2021-06-18 00:00:00 000,avax,13.62956138,3568450.92166353,,
2021-06-17 00:00:00 000,avax,14.83899369,4412950.21193068,,
2021-06-16 00:00:00 000,avax,14.06799357,3830170.58705026,,
2021-06-15 00:00:00 000,avax,14.73156283,3790321.84648211,,
2021-06-14 00:00:00 000,avax,15.11906572,4013996.07444958,,
2021-06-13 00:00:00 000,avax,14.76275789,3861964.15782345,,
2021-06-12 00:00:00 000,avax,13.52323857,3744250.30626122,,
2021-06-11 00:00:00 000,avax,13.41279967,3650601.60070011,,
2021-06-10 00:00:00 000,avax,14.17987038,3932846.01524526,,
2021-06-09 00:00:00 000,avax,15.37758099,4486048.7846587,,
2021-06-08 00:00:00 000,avax,14.83160183,5629026.28525257,,
2021-06-07 00:00:00 000,avax,15.54689606,5482642.13872053,,
2021-06-06 00:00:00 000,avax,17.45822653,1762640.26045337,,
2021-06-05 00:00:00 000,avax,17.22837202,2135223.24910349,,
2021-06-04 00:00:00 000,avax,18.26065846,2397450.96561764,,
2021-06-03 00:00:00 000,avax,20.24629953,2410172.27890331,,
2021-06-02 00:00:00 000,avax,18.68895215,2301242.85587316,,
2021-06-01 00:00:00 000,avax,17.76058615,1573840.34091098,,
2021-05-31 00:00:00 000,avax,18.16707548,2632100.40494498,,
2021-05-30 00:00:00 000,avax,16.53870242,2695836.62250025,,
2021-05-29 00:00:00 000,avax,16.17897479,3022678.04162857,,
2021-05-28 00:00:00 000,avax,16.71925226,5290469.77828845,,
2021-05-27 00:00:00 000,avax,19.06090894,4425491.908916,,
2021-05-26 00:00:00 000,avax,20.84676201,6654469.18389119,,
2021-05-25 00:00:00 000,avax,19.46822038,5551088.13860395,,
2021-05-24 00:00:00 000,avax,19.40446018,5831718.12932104,,
2021-05-23 00:00:00 000,avax,15.65506809,7281733.12402308,,
2021-05-22 00:00:00 000,avax,18.83121382,3640105.72434749,,
2021-05-21 00:00:00 000,avax,21.84750946,5264439.38602265,,
2021-05-20 00:00:00 000,avax,25.17848865,6587051.82017282,,
2021-05-19 00:00:00 000,avax,23.30344359,11060681.44134579,,
2021-05-18 00:00:00 000,avax,36.92539656,4810196.30698134,,
2021-05-17 00:00:00 000,avax,33.69288176,6275958.45457827,,
2021-05-16 00:00:00 000,avax,36.58640682,6716370.0317103,,
2021-05-15 00:00:00 000,avax,34.45160112,6675511.7496715,,
2021-05-14 00:00:00 000,avax,37.01364878,3485090.60349189,,
2021-05-13 00:00:00 000,avax,35.0325392,6138694.42535797,,
2021-05-12 00:00:00 000,avax,32.43315832,7284933.84171892,,
2021-05-11 00:00:00 000,avax,36.88026789,3583902.23218863,,
2021-05-10 00:00:00 000,avax,34.73874725,8404364.87155585,,
2021-05-09 00:00:00 000,avax,39.01382606,5955623.43862103,,
2021-05-08 00:00:00 000,avax,38.38734273,5677951.57191163,,
2021-05-07 00:00:00 000,avax,38.00177503,12980873.70852316,,
2021-05-06 00:00:00 000,avax,38.24803514,9762428.61261778,,
2021-05-05 00:00:00 000,avax,35.35343991,4705822.28322938,,
2021-05-04 00:00:00 000,avax,30.52329832,6318914.49873531,,
2021-05-03 00:00:00 000,avax,35.88151031,7994831.62254849,,
2021-05-02 00:00:00 000,avax,31.30803592,3765230.7791846,,
2021-05-01 00:00:00 000,avax,31.85099531,6041039.94477817,,
2021-04-30 00:00:00 000,avax,32.90685732,5696885.4969334,,
2021-04-29 00:00:00 000,avax,27.92847546,3744933.06416987,,
2021-04-28 00:00:00 000,avax,28.33118788,3477115.1031849,,
2021-04-27 00:00:00 000,avax,27.91399637,3625955.9851256,,
2021-04-26 00:00:00 000,avax,26.46594874,4662775.65063423,,
2021-04-25 00:00:00 000,avax,21.60210962,2905907.39406005,,
2021-04-24 00:00:00 000,avax,21.83335262,3689456.74656819,,
2021-04-23 00:00:00 000,avax,23.56358627,7356724.45599251,,
2021-04-22 00:00:00 000,avax,24.02246879,5332864.1961452,,
2021-04-21 00:00:00 000,avax,25.86474886,4737523.36255284,,
2021-04-20 00:00:00 000,avax,27.42001567,4951838.28770942,,
2021-04-19 00:00:00 000,avax,26.22257797,4440945.28925737,,
2021-04-18 00:00:00 000,avax,29.33752348,6112136.66334439,,
2021-04-17 00:00:00 000,avax,33.99748896,3032172.15440595,,
2021-04-16 00:00:00 000,avax,35.55934115,5451958.17484519,,
2021-04-15 00:00:00 000,avax,37.07419636,6800358.18649197,,
2021-04-14 00:00:00 000,avax,38.38659472,11314049.73081467,,
2021-04-13 00:00:00 000,avax,33.68181594,4902667.84024059,,
2021-04-12 00:00:00 000,avax,33.84532685,6190746.36314717,,
2021-04-11 00:00:00 000,avax,31.57890097,2967568.21116622,,
2021-04-10 00:00:00 000,avax,31.80413449,4957633.9425647,,
2021-04-09 00:00:00 000,avax,31.46957974,4076444.62536086,,
2021-04-08 00:00:00 000,avax,30.7464302,2864192.61406863,,
2021-04-07 00:00:00 000,avax,29.4842842,5155000.83575261,,
2021-04-06 00:00:00 000,avax,31.50159301,6000934.56941615,,
2021-04-05 00:00:00 000,avax,31.27099428,6330829.07869566,,
2021-04-04 00:00:00 000,avax,29.17974696,2721553.52597286,,
2021-04-03 00:00:00 000,avax,28.13452708,5816441.98880151,,
2021-04-02 00:00:00 000,avax,29.07723791,2336358.93440922,,
2021-04-01 00:00:00 000,avax,28.29296313,1350947.54427836,,
2021-03-31 00:00:00 000,avax,28.74685927,1564376.88111643,,
2021-03-30 00:00:00 000,avax,29.65302454,1456931.11062312,,
2021-03-29 00:00:00 000,avax,29.5350144,1410980.75550588,,
2021-03-28 00:00:00 000,avax,28.71413104,1445107.79944823,,
2021-03-27 00:00:00 000,avax,27.64332481,1173595.47821526,,
2021-03-26 00:00:00 000,avax,28.28345849,1572287.68725232,,
2021-03-25 00:00:00 000,avax,25.85201253,1829955.80388694,,
2021-03-24 00:00:00 000,avax,25.87313431,2090503.26080677,,
2021-03-23 00:00:00 000,avax,28.48703172,1620167.81396251,,
2021-03-22 00:00:00 000,avax,29.22900834,2018884.25036778,,
2021-03-21 00:00:00 000,avax,32.83663687,2027622.20878187,,
2021-03-20 00:00:00 000,avax,34.19323763,1913707.46511832,,
2021-03-19 00:00:00 000,avax,37.46355188,3289882.5688226,,
2021-03-18 00:00:00 000,avax,33.21887086,2733768.72583515,,
2021-03-17 00:00:00 000,avax,32.69954579,2774349.89200235,,
2021-03-16 00:00:00 000,avax,33.04411658,2720629.50326446,,
2021-03-15 00:00:00 000,avax,28.94709171,2274917.74650464,,
2021-03-14 00:00:00 000,avax,28.99936618,2170699.86118981,,
2021-03-13 00:00:00 000,avax,30.91634072,3295073.31880714,,
2021-03-12 00:00:00 000,avax,27.9852903,2781005.09522329,,
2021-03-11 00:00:00 000,avax,30.79680996,5814495.31482898,,
2021-03-10 00:00:00 000,avax,29.64883461,10900495.98426822,,
2021-03-09 00:00:00 000,avax,34.30016545,13383585.81919585,,
2021-03-08 00:00:00 000,avax,25.6359354,2713654.29073442,,
2021-03-07 00:00:00 000,avax,26.71321703,3759267.41497817,,
2021-03-06 00:00:00 000,avax,24.90816334,1763034.98181294,,
2021-03-05 00:00:00 000,avax,24.32404541,2818978.99142086,,
2021-03-04 00:00:00 000,avax,25.79598034,3835326.3924134,,
2021-03-03 00:00:00 000,avax,27.24080435,3638737.45825023,,
2021-03-02 00:00:00 000,avax,27.14127731,7206846.19194471,,
2021-03-01 00:00:00 000,avax,27.46726061,2999582.46290499,,
2021-02-28 00:00:00 000,avax,23.93421824,2727390.04421401,,
2021-02-27 00:00:00 000,avax,25.77582616,2418692.35143864,,
2021-02-26 00:00:00 000,avax,26.2876567,2648173.50434013,,
2021-02-25 00:00:00 000,avax,28.25076647,3560528.68049193,,
2021-02-24 00:00:00 000,avax,29.94241442,5239989.64548146,,
2021-02-23 00:00:00 000,avax,27.59080846,5121330.87803206,,
2021-02-22 00:00:00 000,avax,32.65434838,4297524.62932486,,
2021-02-21 00:00:00 000,avax,36.19481894,2516273.95575638,,
2021-02-20 00:00:00 000,avax,36.20633182,5518301.46677159,,
2021-02-19 00:00:00 000,avax,38.77801746,3490116.6188109,,
2021-02-18 00:00:00 000,avax,41.02215929,4897267.4546538,,
2021-02-17 00:00:00 000,avax,37.07006951,5145517.27103023,,
2021-02-16 00:00:00 000,avax,37.10904187,4416015.3313922,,
2021-02-15 00:00:00 000,avax,38.28550359,6276932.91232093,,
2021-02-14 00:00:00 000,avax,40.41610977,4812507.54720343,,
2021-02-13 00:00:00 000,avax,45.02961733,2990158.9557556,,
2021-02-12 00:00:00 000,avax,48.84564073,5438693.87091299,,
2021-02-11 00:00:00 000,avax,47.35582678,5287608.97094841,,
2021-02-10 00:00:00 000,avax,55.05218132,16636007.36473799,,
2021-02-09 00:00:00 000,avax,31.76892067,5030665.84479329,,
2021-02-08 00:00:00 000,avax,30.22558423,10559648.27083082,,
2021-02-07 00:00:00 000,avax,23.95639138,8310619.65454849,,
2021-02-06 00:00:00 000,avax,18.01454397,3368659.42059997,,
2021-02-05 00:00:00 000,avax,17.90146315,3519456.97987186,,
2021-02-04 00:00:00 000,avax,15.32272368,3353137.3803621,,
2021-02-03 00:00:00 000,avax,14.85366114,2192747.46706603,,
2021-02-02 00:00:00 000,avax,13.48698138,1415906.50165274,,
2021-02-01 00:00:00 000,avax,13.2191836,3001886.69406376,,
2021-01-31 00:00:00 000,avax,13.49459102,7824633.71281635,,
2021-01-30 00:00:00 000,avax,12.04319139,2046933.28435121,,
2021-01-29 00:00:00 000,avax,11.63651495,3328852.96206742,,
2021-01-28 00:00:00 000,avax,11.98674902,2012130.33330376,,
2021-01-27 00:00:00 000,avax,11.17572096,1408864.75966829,,
2021-01-26 00:00:00 000,avax,12.20186004,1665065.05460445,,
2021-01-25 00:00:00 000,avax,12.18117218,1370412.63304443,,
2021-01-24 00:00:00 000,avax,12.49226404,1218719.00025047,,
2021-01-23 00:00:00 000,avax,12.89650753,1761571.25453386,,
2021-01-22 00:00:00 000,avax,12.74723044,3105346.01355916,,
2021-01-21 00:00:00 000,avax,11.31648613,2340981.05721741,,
2021-01-20 00:00:00 000,avax,12.38449215,2133286.90116655,,
2021-01-19 00:00:00 000,avax,11.76304092,3140840.23787974,,
2021-01-18 00:00:00 000,avax,12.70090838,2193693.94900057,,
2021-01-17 00:00:00 000,avax,13.198621,5412967.89425006,,
2021-01-16 00:00:00 000,avax,12.82709478,5714129.79621308,,
2021-01-15 00:00:00 000,avax,9.38550353,3123491.57489102,,
2021-01-14 00:00:00 000,avax,9.33359812,4882023.7752351,,
2021-01-13 00:00:00 000,avax,8.47374189,3460760.07687392,,
2021-01-12 00:00:00 000,avax,7.7652738,5629935.53503886,,
2021-01-11 00:00:00 000,avax,6.48359935,3745923.86434445,,
2021-01-10 00:00:00 000,avax,6.55572539,3483833.15866694,,
2021-01-09 00:00:00 000,avax,7.21530455,8849594.48043234,,
2021-01-08 00:00:00 000,avax,5.75983304,5637271.23647152,,
2021-01-07 00:00:00 000,avax,4.47282758,3431191.27159241,,
2021-01-06 00:00:00 000,avax,4.5996766,5241201.08959652,,
2021-01-05 00:00:00 000,avax,4.27102201,4630088.41555768,,
2021-01-04 00:00:00 000,avax,3.60517058,2775521.87624783,,
2021-01-03 00:00:00 000,avax,3.47113207,2644657.17373085,,
2021-01-02 00:00:00 000,avax,3.49753275,4131420.00724618,,
2021-01-01 00:00:00 000,avax,3.66367548,7575150.23386446,,
2022-12-30 00:00:00 000,avax,10.89236064,3452279.42135632,,
2022-12-29 00:00:00 000,avax,10.98016555,3557585.97360672,,
2022-12-28 00:00:00 000,avax,11.21616719,3021051.32151463,,
2022-12-27 00:00:00 000,avax,11.645363,2148872.08134462,,
2022-12-26 00:00:00 000,avax,11.72273237,1517241.75342002,,
2022-12-25 00:00:00 000,avax,11.67789248,1659060.24257987,,
2022-12-24 00:00:00 000,avax,11.67553185,919465.10723805,,
2022-12-23 00:00:00 000,avax,11.79324687,1735070.76877525,,
2022-12-22 00:00:00 000,avax,11.85223842,2069370.3866879,,
2022-12-21 00:00:00 000,avax,11.70524911,1765202.43176557,,
2022-12-20 00:00:00 000,avax,11.95400041,3342677.93364985,,
2022-12-19 00:00:00 000,avax,11.39093239,3832424.33904544,,
2022-12-18 00:00:00 000,avax,11.93077163,1780222.09060496,,
2022-12-17 00:00:00 000,avax,11.95901451,2879545.95088167,,
2022-12-16 00:00:00 000,avax,11.84152734,4621737.43865067,,
2022-12-15 00:00:00 000,avax,13.17543948,2803990.81278258,,
2022-12-14 00:00:00 000,avax,13.71182831,4000932.05217957,,
2022-12-13 00:00:00 000,avax,13.75803381,6424843.37101984,,
2022-12-12 00:00:00 000,avax,13.00037587,2476174.53536938,,
2022-12-11 00:00:00 000,avax,12.9833511,1400676.10702489,,
2022-12-10 00:00:00 000,avax,13.494984,1065192.70308891,,
2022-12-09 00:00:00 000,avax,13.45934921,1700247.22867357,,
2022-12-08 00:00:00 000,avax,13.41718386,1975045.22744671,,
2022-12-07 00:00:00 000,avax,13.24989955,2505379.3963233,,
2022-12-06 00:00:00 000,avax,13.67216999,1960909.266586,,
2022-12-05 00:00:00 000,avax,13.59799645,3638093.44091962,,
2022-12-04 00:00:00 000,avax,13.92980585,2947059.10025571,,
2022-12-03 00:00:00 000,avax,13.40979139,3552851.03347206,,
2022-12-02 00:00:00 000,avax,13.58135649,4225764.64336152,,
2022-12-01 00:00:00 000,avax,12.90274868,3158832.15757077,,
2022-11-30 00:00:00 000,avax,13.15383467,3636955.13252627,,
2022-11-29 00:00:00 000,avax,12.4657888,4435476.14136249,,
2022-11-28 00:00:00 000,avax,12.45446933,5435979.7704573,,
2022-11-27 00:00:00 000,avax,12.85578174,3385664.52025562,,
2022-11-26 00:00:00 000,avax,12.77670432,3227786.30921631,,
2022-11-25 00:00:00 000,avax,12.83120862,3241269.03562005,,
2022-11-24 00:00:00 000,avax,12.942068,3263966.56142631,,
2022-11-23 00:00:00 000,avax,13.05579609,4657291.22392287,,
2022-11-22 00:00:00 000,avax,12.3226346,5702935.26930719,,
2022-11-21 00:00:00 000,avax,11.8542805,6533714.76533195,,
2022-11-20 00:00:00 000,avax,12.16880086,2968697.49176522,,
2022-11-19 00:00:00 000,avax,12.87195934,2005784.05631503,,
2022-11-18 00:00:00 000,avax,12.98142582,3251532.69693273,,
2022-11-17 00:00:00 000,avax,12.86657099,4086859.0056248,,
2022-11-16 00:00:00 000,avax,13.06452526,4046981.7059294,,
2022-11-15 00:00:00 000,avax,13.49276329,5017800.17418797,,
2022-11-14 00:00:00 000,avax,13.15096162,8796745.99884719,,
2022-11-13 00:00:00 000,avax,13.00413071,5450375.18356896,,
2022-11-12 00:00:00 000,avax,13.06771799,4834705.91349599,,
2022-11-11 00:00:00 000,avax,14.10124929,9388065.39488872,,
2022-11-10 00:00:00 000,avax,15.37460815,18788075.38058842,,
2022-11-09 00:00:00 000,avax,12.91686354,33870708.46187155,,
2022-11-08 00:00:00 000,avax,16.01038934,31141067.21712492,,
2022-11-07 00:00:00 000,avax,18.07151538,7225622.8925906,,
2022-11-06 00:00:00 000,avax,18.26506834,4908001.46715259,,
2022-11-05 00:00:00 000,avax,19.6040758,8824819.14393487,,
2022-11-04 00:00:00 000,avax,19.38790017,7928580.90909114,,
2022-11-03 00:00:00 000,avax,18.03903793,5216374.90048038,,
2022-11-02 00:00:00 000,avax,17.91159106,9392133.96844637,,
2022-11-01 00:00:00 000,avax,18.63535421,5646479.85361825,,
2022-10-31 00:00:00 000,avax,19.29126765,11553560.03043088,,
2022-10-30 00:00:00 000,avax,18.25614601,5475257.52734721,,
2022-10-29 00:00:00 000,avax,18.29773946,6256598.11872529,,
2022-10-28 00:00:00 000,avax,18.33745395,8698626.67429742,,
2022-10-27 00:00:00 000,avax,16.90432868,7172213.22768575,,
2022-10-26 00:00:00 000,avax,17.01319097,6267245.74908835,,
2022-10-25 00:00:00 000,avax,16.64965589,7087995.78489521,,
2022-10-24 00:00:00 000,avax,15.75813655,3476099.57482729,,
2022-10-23 00:00:00 000,avax,16.311727,4355089.23728257,,
2022-10-22 00:00:00 000,avax,15.68701721,2441570.9033973,,
2022-10-21 00:00:00 000,avax,15.69254301,6493217.86642085,,
2022-10-20 00:00:00 000,avax,15.15129151,7284190.06445659,,
2022-10-19 00:00:00 000,avax,15.06947477,6399600.31442463,,
2022-10-18 00:00:00 000,avax,15.87192144,4294731.10243689,,
2022-10-17 00:00:00 000,avax,16.19274646,3047193.43759753,,
2022-10-16 00:00:00 000,avax,15.74820844,2058341.34362022,,
2022-10-15 00:00:00 000,avax,15.42883664,1915952.68074233,,
2022-10-14 00:00:00 000,avax,15.67461749,4188713.42379617,,
2022-10-13 00:00:00 000,avax,15.65552521,9026739.60988649,,
2022-10-12 00:00:00 000,avax,15.94982389,1881884.8447081,,
2022-10-11 00:00:00 000,avax,15.95619983,3802429.24842713,,
2022-10-10 00:00:00 000,avax,16.20673615,2762418.83076348,,
2022-10-09 00:00:00 000,avax,16.90081228,977844.23269889,,
2022-10-08 00:00:00 000,avax,16.78499181,931110.23654788,,
2022-10-07 00:00:00 000,avax,16.90041046,2709132.16552345,,
2022-10-06 00:00:00 000,avax,17.04137562,3413940.98495288,,
2022-10-05 00:00:00 000,avax,17.38844568,3044719.34533234,,
2022-10-04 00:00:00 000,avax,17.44471561,2959213.98903769,,
2022-10-03 00:00:00 000,avax,17.16023403,3678166.05321962,,
2022-10-02 00:00:00 000,avax,16.52761303,2885517.93719469,,
2022-10-01 00:00:00 000,avax,16.95925754,1842343.57467862,,
2022-09-30 00:00:00 000,avax,17.20527492,5218645.59760538,,
2022-09-29 00:00:00 000,avax,17.35310369,3399790.62733782,,
2022-09-28 00:00:00 000,avax,17.2595552,4697959.65213724,,
2022-09-27 00:00:00 000,avax,17.29855553,7310742.87277491,,
2022-09-26 00:00:00 000,avax,17.57259332,3378720.78923613,,
2022-09-25 00:00:00 000,avax,17.32312828,2158481.94370994,,
2022-09-24 00:00:00 000,avax,17.60631687,2739903.22828535,,
2022-09-23 00:00:00 000,avax,17.97327161,5279098.28809987,,
2022-09-22 00:00:00 000,avax,17.68638245,5172882.10597676,,
2022-09-21 00:00:00 000,avax,16.56731685,7834207.99974805,,
2022-09-20 00:00:00 000,avax,16.65797617,4871874.03941016,,
2022-09-19 00:00:00 000,avax,17.2887585,5709209.90595295,,
2022-09-18 00:00:00 000,avax,16.71926704,8116050.43033375,,
2022-09-17 00:00:00 000,avax,18.47711648,2911200.56990056,,
2022-09-16 00:00:00 000,avax,18.05440575,5780380.5138269,,
2022-09-15 00:00:00 000,avax,18.20139971,6666216.72123792,,
2022-09-14 00:00:00 000,avax,19.12396532,6269705.45884437,,
2022-09-13 00:00:00 000,avax,18.87227042,11176444.27908743,,
2022-09-12 00:00:00 000,avax,21.38445349,11413878.2051005,,
2022-09-11 00:00:00 000,avax,20.67077228,4219239.72542256,,
2022-09-10 00:00:00 000,avax,20.46157422,4997877.43004282,,
2022-09-09 00:00:00 000,avax,20.41395535,6855840.35979526,,
2022-09-08 00:00:00 000,avax,19.12873962,4809387.83273064,,
2022-09-07 00:00:00 000,avax,19.0017106,4906386.07118269,,
2022-09-06 00:00:00 000,avax,18.20998898,7984601.47647479,,
2022-09-05 00:00:00 000,avax,19.43610458,3194909.41545593,,
2022-09-04 00:00:00 000,avax,19.01117067,2508722.76932373,,
2022-09-03 00:00:00 000,avax,18.9025351,1934405.73384004,,
2022-09-02 00:00:00 000,avax,18.87687309,4424588.850713,,
2022-09-01 00:00:00 000,avax,19.32006441,5195335.8112559,,
2022-08-31 00:00:00 000,avax,19.14249209,6932645.13938764,,
2022-08-30 00:00:00 000,avax,19.37701322,10723517.05199916,,
2022-08-29 00:00:00 000,avax,19.32882132,12087505.098453,,
2022-08-28 00:00:00 000,avax,18.4832369,6393808.92936527,,
2022-08-27 00:00:00 000,avax,20.03012075,5668955.08731426,,
2022-08-26 00:00:00 000,avax,20.65754213,8403164.9223463,,
2022-08-25 00:00:00 000,avax,22.99546019,3623227.68234151,,
2022-08-24 00:00:00 000,avax,23.0105085,3872503.32319353,,
2022-08-23 00:00:00 000,avax,23.50344925,5545013.56278376,,
2022-08-22 00:00:00 000,avax,22.57443306,4728499.7734133,,
2022-08-21 00:00:00 000,avax,22.96235563,4710510.21143338,,
2022-08-20 00:00:00 000,avax,22.29622871,5821172.24607696,,
2022-08-19 00:00:00 000,avax,22.4709706,11374355.05868261,,
2022-08-18 00:00:00 000,avax,24.2056125,4241749.87348306,,
2022-08-17 00:00:00 000,avax,25.55900456,5642257.83522445,,
2022-08-16 00:00:00 000,avax,27.12331039,4312208.66532685,,
2022-08-15 00:00:00 000,avax,27.89507911,5091735.38714026,,
2022-08-14 00:00:00 000,avax,28.19527948,4533510.70065892,,
2022-08-13 00:00:00 000,avax,29.16718792,5062937.35363563,,
2022-08-12 00:00:00 000,avax,29.3591669,4456850.54423576,,
2022-08-11 00:00:00 000,avax,28.54521995,7654601.06904521,,
2022-08-10 00:00:00 000,avax,29.18179438,10547920.81492856,,
2022-08-09 00:00:00 000,avax,27.40511506,8105895.11408805,,
2022-08-08 00:00:00 000,avax,27.94282342,11162371.83388691,,
2022-08-07 00:00:00 000,avax,27.91604614,8154681.6216265,,
2022-08-06 00:00:00 000,avax,26.64105768,7903556.3613845,,
2022-08-05 00:00:00 000,avax,24.96308733,6773421.47020756,,
2022-08-04 00:00:00 000,avax,23.35853292,4765193.59358994,,
2022-08-03 00:00:00 000,avax,23.06431669,5776627.60863391,,
2022-08-02 00:00:00 000,avax,22.84828651,6290560.5960492,,
2022-08-01 00:00:00 000,avax,23.62119399,5976223.5786657,,
2022-07-31 00:00:00 000,avax,23.73581381,5441262.38924904,,
2022-07-30 00:00:00 000,avax,24.23124095,8262289.79278632,,
2022-07-29 00:00:00 000,avax,24.50875928,10285550.63226261,,
2022-07-28 00:00:00 000,avax,24.24132278,12489331.80541422,,
2022-07-27 00:00:00 000,avax,23.40935018,9533589.22219654,,
2022-07-26 00:00:00 000,avax,20.71996674,6308299.3869622,,
2022-07-25 00:00:00 000,avax,20.92747833,8785687.94640281,,
2022-07-24 00:00:00 000,avax,23.81317635,4716571.26682537,,
2022-07-23 00:00:00 000,avax,23.61844401,5315590.60806538,,
2022-07-22 00:00:00 000,avax,23.65171621,8399911.12400315,,
2022-07-21 00:00:00 000,avax,25.01095267,10646606.00213031,,
2022-07-20 00:00:00 000,avax,23.59055054,15304684.29247895,,
2022-07-19 00:00:00 000,avax,24.72289505,17643502.69040209,,
2022-07-18 00:00:00 000,avax,24.05428616,15242553.02285025,,
2022-07-17 00:00:00 000,avax,20.60628617,6708495.76626355,,
2022-07-16 00:00:00 000,avax,21.23900748,9545996.48101408,,
2022-07-15 00:00:00 000,avax,19.35554287,8404575.23685152,,
2022-07-14 00:00:00 000,avax,19.73739278,11542431.10437757,,
2022-07-13 00:00:00 000,avax,18.81060352,12749483.83418816,,
2022-07-12 00:00:00 000,avax,16.71622191,7203855.76832446,,
2022-07-11 00:00:00 000,avax,17.33312392,6078495.23554445,,
2022-07-10 00:00:00 000,avax,19.13671665,4788969.37309902,,
2022-07-09 00:00:00 000,avax,19.88515703,4212254.38970809,,
2022-07-08 00:00:00 000,avax,19.6877147,9806464.64437467,,
2022-07-07 00:00:00 000,avax,20.19453908,9892868.36901695,,
2022-07-06 00:00:00 000,avax,19.14313296,10991003.22007487,,
2022-07-05 00:00:00 000,avax,18.03864286,11435654.00294677,,
2022-07-04 00:00:00 000,avax,17.89239238,9171890.99353509,,
2022-07-03 00:00:00 000,avax,16.64613085,5776971.96638644,,
2022-07-02 00:00:00 000,avax,16.30352279,5010377.14771367,,
2022-07-01 00:00:00 000,avax,16.08733954,12456171.04917009,,
2022-06-30 00:00:00 000,avax,16.94663942,11468485.99851004,,
2022-06-29 00:00:00 000,avax,17.74816178,10412719.48949346,,
2022-06-28 00:00:00 000,avax,18.09918473,10878762.90736853,,
2022-06-27 00:00:00 000,avax,19.27895008,8897576.82074244,,
2022-06-26 00:00:00 000,avax,19.71619406,8129719.6255295,,
2022-06-25 00:00:00 000,avax,21.34293776,8537496.94184312,,
2022-06-24 00:00:00 000,avax,20.46175407,13895092.47550931,,
2022-06-23 00:00:00 000,avax,18.27387359,10895257.47680245,,
2022-06-22 00:00:00 000,avax,16.05108715,9812237.19345598,,
2022-06-21 00:00:00 000,avax,16.91094546,10195318.13879011,,
2022-06-20 00:00:00 000,avax,17.09043805,11986401.50678715,,
2022-06-19 00:00:00 000,avax,16.15099449,12423984.53272116,,
2022-06-18 00:00:00 000,avax,14.81407236,14598606.3597971,,
2022-06-17 00:00:00 000,avax,15.96848409,9006085.24723126,,
2022-06-16 00:00:00 000,avax,15.75316002,15336421.74597005,,
2022-06-15 00:00:00 000,avax,18.29761218,24216060.77980996,,
2022-06-14 00:00:00 000,avax,16.55090872,21025613.05090274,,
2022-06-13 00:00:00 000,avax,16.07234615,33283563.65694352,,
2022-06-12 00:00:00 000,avax,17.26134046,17404804.7808552,,
2022-06-11 00:00:00 000,avax,19.85406753,9544981.21222565,,
2022-06-10 00:00:00 000,avax,22.04294861,8676621.98018277,,
2022-06-09 00:00:00 000,avax,24.4012505,6364252.71086954,,
2022-06-08 00:00:00 000,avax,24.4913212,6979507.40211244,,
2022-06-07 00:00:00 000,avax,24.59168516,14896334.15365849,,
2022-06-06 00:00:00 000,avax,25.99829422,12290358.32608289,,
2022-06-05 00:00:00 000,avax,24.17753433,6158118.56885602,,
2022-06-04 00:00:00 000,avax,24.55311676,5894473.58224283,,
2022-06-03 00:00:00 000,avax,22.9858269,7580333.19125159,,
2022-06-02 00:00:00 000,avax,24.61786533,10526869.29467426,,
2022-06-01 00:00:00 000,avax,23.66992148,11549761.44735318,,
2022-05-31 00:00:00 000,avax,26.37212077,14211501.24741467,,
2022-05-30 00:00:00 000,avax,27.69580765,14450433.84031356,,
2022-05-29 00:00:00 000,avax,26.13831168,11414452.03606096,,
2022-05-28 00:00:00 000,avax,24.74994395,12435369.93719811,,
2022-05-27 00:00:00 000,avax,22.494011,18658822.90159514,,
2022-05-26 00:00:00 000,avax,23.39671675,17978713.08669432,,
2022-05-25 00:00:00 000,avax,27.1934207,8359443.24940067,,
2022-05-24 00:00:00 000,avax,29.02620314,10486533.8581369,,
2022-05-23 00:00:00 000,avax,29.00626098,11464796.4703759,,
2022-05-22 00:00:00 000,avax,31.68135619,9612146.64826241,,
2022-05-21 00:00:00 000,avax,29.85586177,6309153.54435612,,
2022-05-20 00:00:00 000,avax,28.76079054,11987902.9352058,,
2022-05-19 00:00:00 000,avax,30.3450315,12230272.36360144,,
2022-05-18 00:00:00 000,avax,29.47999599,8545202.3247141,,
2022-05-17 00:00:00 000,avax,34.363748,7956754.28206401,,
2022-05-16 00:00:00 000,avax,32.46687512,11410500.28090497,,
2022-05-15 00:00:00 000,avax,36.51475183,8966179.43037021,,
2022-05-14 00:00:00 000,avax,33.90885596,9833625.51427415,,
2022-05-13 00:00:00 000,avax,32.1717772,17421714.8017225,,
2022-05-12 00:00:00 000,avax,30.21146751,29712507.73778383,,
2022-05-11 00:00:00 000,avax,30.99075488,31872801.90564429,,
2022-05-10 00:00:00 000,avax,44.4948763,16331569.99972397,,
2022-05-09 00:00:00 000,avax,41.45291359,13399022.62042128,,
2022-05-08 00:00:00 000,avax,51.6438435,6861115.87510388,,
2022-05-07 00:00:00 000,avax,55.04656273,4005861.74871368,,
2022-05-06 00:00:00 000,avax,56.98629136,6822508.67518123,,
2022-05-05 00:00:00 000,avax,59.048065,9950944.77005427,,
2022-05-04 00:00:00 000,avax,67.15485302,5744395.37580857,,
2022-05-03 00:00:00 000,avax,59.60426532,4184232.97379385,,
2022-05-02 00:00:00 000,avax,60.37550004,6922673.84583216,,
2022-05-01 00:00:00 000,avax,58.77805772,5807885.21886081,,
2022-04-30 00:00:00 000,avax,56.98986641,5235601.97702104,,
2022-04-29 00:00:00 000,avax,63.33391676,3719811.12300679,,
2022-04-28 00:00:00 000,avax,67.28725704,3571940.97166314,,
2022-04-27 00:00:00 000,avax,69.75730174,2760436.83695509,,
2022-04-26 00:00:00 000,avax,68.6764305,3537396.10087002,,
2022-04-25 00:00:00 000,avax,72.8591985,4802942.65349951,,
2022-04-24 00:00:00 000,avax,71.51709169,1538695.71368702,,
2022-04-23 00:00:00 000,avax,72.8028723,1861341.95725798,,
2022-04-22 00:00:00 000,avax,73.96224077,2934112.04404073,,
2022-04-21 00:00:00 000,avax,75.03531493,3109813.08688451,,
2022-04-20 00:00:00 000,avax,78.20050426,3336546.01255833,,
2022-04-19 00:00:00 000,avax,80.28514966,3051692.06673336,,
2022-04-18 00:00:00 000,avax,77.73697541,3815528.87951659,,
2022-04-17 00:00:00 000,avax,75.51462974,1652920.48270071,,
2022-04-16 00:00:00 000,avax,77.75884174,1366422.3982858,,
2022-04-15 00:00:00 000,avax,77.41980692,2774982.58672544,,
2022-04-14 00:00:00 000,avax,76.8049436,3966132.05874541,,
2022-04-13 00:00:00 000,avax,80.13537979,3966678.67034633,,
2022-04-12 00:00:00 000,avax,76.32118957,4907575.49113428,,
2022-04-11 00:00:00 000,avax,74.27523941,6920367.71899471,,
2022-04-10 00:00:00 000,avax,81.02308179,2417226.36192202,,
2022-04-09 00:00:00 000,avax,84.59615642,3004626.72416373,,
2022-04-08 00:00:00 000,avax,83.72140883,6955492.27040856,,
2022-04-07 00:00:00 000,avax,87.70485452,7481220.89192138,,
2022-04-06 00:00:00 000,avax,82.97206537,8132811.29674633,,
2022-04-05 00:00:00 000,avax,90.99070641,5323930.08845476,,
2022-04-04 00:00:00 000,avax,95.9752637,5733028.33465927,,
2022-04-03 00:00:00 000,avax,98.0790007,5851287.92899434,,
2022-04-02 00:00:00 000,avax,96.14012023,7296631.71668724,,
2022-04-01 00:00:00 000,avax,96.80075549,7985290.32290296,,
2022-03-31 00:00:00 000,avax,97.27400243,10654268.22063721,,
2022-03-30 00:00:00 000,avax,95.44510478,8481072.9047956,,
2022-03-29 00:00:00 000,avax,92.7744002,7298020.11548732,,
2022-03-28 00:00:00 000,avax,89.53955966,8815090.21047441,,
2022-03-27 00:00:00 000,avax,89.97106365,3469350.07079654,,
2022-03-26 00:00:00 000,avax,85.97588255,3131677.42916606,,
2022-03-25 00:00:00 000,avax,83.61873421,5465033.67813618,,
2022-03-24 00:00:00 000,avax,87.60707014,6531247.77358359,,
2022-03-23 00:00:00 000,avax,86.11251373,6156688.11952008,,
2022-03-22 00:00:00 000,avax,84.05512852,7835220.36243551,,
2022-03-21 00:00:00 000,avax,86.3185516,9143151.70372447,,
2022-03-20 00:00:00 000,avax,84.75742839,6153907.20278285,,
2022-03-19 00:00:00 000,avax,89.58794124,7949275.57247727,,
2022-03-18 00:00:00 000,avax,85.76930504,8764096.83653097,,
2022-03-17 00:00:00 000,avax,79.48212053,8551863.94243001,,
2022-03-16 00:00:00 000,avax,74.14774657,6114053.31611647,,
2022-03-15 00:00:00 000,avax,69.8549032,5157551.76476265,,
2022-03-14 00:00:00 000,avax,69.05060973,7277297.4500661,,
2022-03-13 00:00:00 000,avax,68.04159,3328501.52267705,,
2022-03-12 00:00:00 000,avax,70.90153919,2924601.95957179,,
2022-03-11 00:00:00 000,avax,71.22897038,8386208.40891201,,
2022-03-10 00:00:00 000,avax,74.03352089,6338522.70244381,,
2022-03-09 00:00:00 000,avax,77.4435163,8517820.47014368,,
2022-03-08 00:00:00 000,avax,72.92097455,7386981.03781385,,
2022-03-07 00:00:00 000,avax,71.73117634,6185415.99030321,,
2022-03-06 00:00:00 000,avax,72.17367789,4875844.61414901,,
2022-03-05 00:00:00 000,avax,76.64561344,4955883.4751546,,
2022-03-04 00:00:00 000,avax,75.64634032,9888447.50288493,,
2022-03-03 00:00:00 000,avax,78.57859023,7565693.47157132,,
2022-03-02 00:00:00 000,avax,83.30371187,7841389.7447885,,
2022-03-01 00:00:00 000,avax,86.86756117,11006177.15700935,,
2022-02-28 00:00:00 000,avax,83.73277426,9652316.54429939,,
2022-02-27 00:00:00 000,avax,74.38585646,8268642.1971585,,
2022-02-26 00:00:00 000,avax,81.17528101,7061184.73434473,,
2022-02-25 00:00:00 000,avax,80.45623737,9487589.78636528,,
2022-02-24 00:00:00 000,avax,76.05559326,18628298.02767807,,
2022-02-23 00:00:00 000,avax,73.26753492,9246789.62848511,,
2022-02-22 00:00:00 000,avax,74.291499,7634701.84477611,,
2022-02-21 00:00:00 000,avax,70.09714833,9149417.41186097,,
2022-02-20 00:00:00 000,avax,77.26768571,5072478.57978606,,
2022-02-19 00:00:00 000,avax,85.08650934,3994425.0378778,,
2022-02-18 00:00:00 000,avax,83.75489881,6425799.32865999,,
2022-02-17 00:00:00 000,avax,88.37525179,8747841.82634896,,
2022-02-16 00:00:00 000,avax,95.26254031,8031219.06490402,,
2022-02-15 00:00:00 000,avax,92.92579894,5986133.37798222,,
2022-02-14 00:00:00 000,avax,81.97089969,4521176.50853453,,
2022-02-13 00:00:00 000,avax,77.92565982,3360475.42139856,,
2022-02-12 00:00:00 000,avax,81.28626827,5981771.63585541,,
2022-02-11 00:00:00 000,avax,81.8142856,6648329.56080929,,
2022-02-10 00:00:00 000,avax,91.21926374,7812159.79963127,,
2022-02-09 00:00:00 000,avax,90.13109554,5177388.80964794,,
2022-02-08 00:00:00 000,avax,86.40530979,12946059.85865506,,
2022-02-07 00:00:00 000,avax,83.22476721,5432753.89304142,,
2022-02-06 00:00:00 000,avax,79.03853519,3015399.14416862,,
2022-02-05 00:00:00 000,avax,77.18180864,4993555.36914828,,
2022-02-04 00:00:00 000,avax,77.80654218,6564145.6359162,,
2022-02-03 00:00:00 000,avax,68.3836614,5142508.19415217,,
2022-02-02 00:00:00 000,avax,67.86562979,6395086.69324626,,
2022-02-01 00:00:00 000,avax,73.32876906,6110965.39641893,,
2022-01-31 00:00:00 000,avax,69.95574775,5187084.0070846,,
2022-01-30 00:00:00 000,avax,68.03603751,3756536.46856051,,
2022-01-29 00:00:00 000,avax,71.99507345,4773523.31189947,,
2022-01-28 00:00:00 000,avax,67.09394389,4813929.11449074,,
2022-01-27 00:00:00 000,avax,64.60446494,7011375.45836895,,
2022-01-26 00:00:00 000,avax,65.87282004,8966316.99469564,,
2022-01-25 00:00:00 000,avax,67.96319124,7198990.18664018,,
2022-01-24 00:00:00 000,avax,62.99463362,9595232.42032269,,
2022-01-23 00:00:00 000,avax,64.84689913,7811834.09493654,,
2022-01-22 00:00:00 000,avax,59.80732242,13000955.92390675,,
2022-01-21 00:00:00 000,avax,66.12046513,8986461.12386074,,
2022-01-20 00:00:00 000,avax,79.31645588,3142512.98140115,,
2022-01-19 00:00:00 000,avax,82.69159613,2978114.65965086,,
2022-01-18 00:00:00 000,avax,86.08391539,2704345.61819808,,
2022-01-17 00:00:00 000,avax,86.70908494,3290786.02844601,,
2022-01-16 00:00:00 000,avax,92.29056177,2278072.89803827,,
2022-01-15 00:00:00 000,avax,93.15594998,2340726.00015966,,
2022-01-14 00:00:00 000,avax,90.39955472,3171316.89390103,,
2022-01-13 00:00:00 000,avax,89.58971078,3593906.26200642,,
2022-01-12 00:00:00 000,avax,96.02143182,4705805.82837887,,
2022-01-11 00:00:00 000,avax,89.57820086,3689533.35611002,,
2022-01-10 00:00:00 000,avax,84.56921479,6796639.27705972,,
2022-01-09 00:00:00 000,avax,89.33279222,4748890.74865825,,
2022-01-08 00:00:00 000,avax,83.90664618,5993147.17661914,,
2022-01-07 00:00:00 000,avax,86.71307356,6872729.65039299,,
2022-01-06 00:00:00 000,avax,95.18556423,4467388.77131797,,
2022-01-05 00:00:00 000,avax,97.46249505,5468540.98879886,,
2022-01-04 00:00:00 000,avax,103.27606706,4139292.3743769,,
2022-01-03 00:00:00 000,avax,108.07069279,3682817.73713778,,
2022-01-02 00:00:00 000,avax,113.14495886,2994155.84634853,,
2022-01-01 00:00:00 000,avax,114.28681686,3007752.48109154,,
2023-01-08 00:00:00 000,avax,12.08904793,2258891.57891754,,
2023-01-07 00:00:00 000,avax,11.7434694,1187063.03397715,,
2023-01-06 00:00:00 000,avax,11.76158823,2914472.54759121,,
2023-01-05 00:00:00 000,avax,11.74138067,2899148.84539968,,
2023-01-04 00:00:00 000,avax,12.06331006,5065560.20617619,,
2023-01-03 00:00:00 000,avax,11.38668598,3757520.38297304,,
2023-01-02 00:00:00 000,avax,11.16607399,3577935.18296318,,
2023-01-01 00:00:00 000,avax,10.85978119,2213590.01941778,,
