dateTime,open,high,low,close,volume,closeTime,quoteAssetVolume,numberOfTrades,takerBuyBaseVol,takerBuyQuoteVol,ignore
2021-06-01 05:30:00,37266.50000000,37918.54000000,35683.88000000,36685.87000000,19265.08743800,1622591999999,704653105.17949010,676859,9503.11312800,347816657.57986952,0
2021-06-02 05:30:00,36685.87000000,38235.22000000,35909.54000000,37568.67000000,14636.82678900,1622678399999,546204536.29129280,508982,7667.42385000,286193082.52779170,0
2021-06-03 05:30:00,37568.66000000,39475.45000000,37168.01000000,39250.00000000,17391.70896000,1622764799999,671676510.40903194,495675,8803.37234100,340004584.86338809,0
2021-06-04 05:30:00,39249.99000000,39285.96000000,35578.23000000,36853.91000000,19950.22664600,1622851199999,738544042.59060718,574898,9511.11900800,351951225.43975705,0
2021-06-05 05:30:00,36848.29000000,37924.61000000,34823.78000000,35521.12000000,16838.29811300,1622937599999,612038548.56372291,500864,8280.67958500,301289214.69830932,0
2021-06-06 05:30:00,35521.12000000,36475.78000000,35230.00000000,35807.49000000,10837.52841600,1623023999999,389495323.85951335,345300,5531.99744900,198874528.15063387,0
2021-06-07 05:30:00,35810.93000000,36809.14000000,33313.77000000,33573.37000000,18293.17846700,1623110399999,650225499.63535913,512767,8737.51845800,310827271.12781337,0
2021-06-08 05:30:00,33570.00000000,34085.63000000,31050.01000000,33396.46000000,31935.94012800,1623196799999,1045356523.00845984,703520,16305.56611200,534040897.05507719,0
2021-06-09 05:30:00,33403.31000000,37574.48000000,32418.21000000,37408.94000000,32116.48912700,1623283199999,1126081299.09572264,750521,17089.03496900,599785703.65072724,0
2021-06-10 05:30:00,37409.51000000,38470.00000000,35791.50000000,36686.82000000,28686.36897700,1623369599999,1063537084.30072785,655763,14232.30208800,527834740.84595253,0
2021-06-11 05:30:00,36693.32000000,37689.20000000,35959.48000000,37336.26000000,20638.05904000,1623455999999,763489201.52371358,493047,10600.85193700,392242960.71869528,0
2021-06-12 05:30:00,37338.58000000,37461.66000000,34627.78000000,35538.27000000,20239.32028800,1623542399999,722344129.73698873,488318,9455.14194000,337471388.47958082,0
2021-06-13 05:30:00,35549.07000000,39375.00000000,34800.00000000,39019.09000000,21152.16637800,1623628799999,779776843.36083634,503976,11267.26333500,415338981.98099455,0
2021-06-14 05:30:00,39028.75000000,41090.00000000,38750.00000000,40530.52000000,28828.99882600,1623715199999,1147234359.86650529,590813,14044.16842400,558603120.14416447,0
2021-06-15 05:30:00,40530.51000000,41329.85000000,39503.21000000,40146.26000000,21768.64929100,1623801599999,876156880.74514705,505377,11108.95942100,447149201.95596217,0
2021-06-16 05:30:00,40143.09000000,40515.03000000,38107.77000000,38341.90000000,22985.74958100,1623887999999,902986788.21351383,517357,11073.56460100,435171324.50108758,0
2021-06-17 05:30:00,38337.47000000,39541.99000000,37369.33000000,38083.00000000,22582.74011700,1623974399999,870832272.48143911,472354,10991.69359900,424092859.80124933,0
2021-06-18 05:30:00,38088.85000000,38200.00000000,35145.90000000,35834.92000000,23702.10934800,1624060799999,872731116.20682790,533118,11715.66458900,431558519.45365302,0
2021-06-19 05:30:00,35834.92000000,36464.12000000,34821.14000000,35493.34000000,21728.41390300,1624147199999,776799993.96356237,433578,10868.35888100,388549470.24652129,0
2021-06-20 05:30:00,35493.34000000,36123.15000000,33333.00000000,35596.60000000,25513.95381400,1624233599999,886897409.96593887,522749,12063.45907400,419501419.08536874,0
2021-06-21 05:30:00,35597.01000000,35742.47000000,31255.89000000,31609.48000000,51850.87864000,1624319999999,1703881552.42540785,938505,25308.12017300,831956948.95039429,0
2021-06-22 05:30:00,31606.26000000,33300.00000000,28808.00000000,32521.77000000,52834.74284700,1624406399999,1655947619.53306364,881981,25730.21714800,806771663.80849359,0
2021-06-23 05:30:00,32524.73000000,34950.00000000,31714.00000000,33685.39000000,32460.03017700,1624492799999,1095712743.65871129,620333,16196.63218000,546934934.26691096,0
2021-06-24 05:30:00,33682.23000000,35290.01000000,32311.63000000,34657.39000000,21959.02422400,1624579199999,741486068.29548052,461295,11485.80649800,388108518.92465897,0
2021-06-25 05:30:00,34655.93000000,35500.00000000,31277.01000000,31577.81000000,30057.84045800,1624665599999,997182939.61946386,610815,14629.14446100,485859662.75622596,0
2021-06-26 05:30:00,31577.81000000,32723.01000000,30153.21000000,32287.41000000,28775.94009700,1624751999999,901757881.72352223,565214,14309.28110600,448759690.84574135,0
2021-06-27 05:30:00,32282.64000000,34750.00000000,31992.74000000,34702.69000000,25012.98907900,1624838399999,828026064.28439057,536390,12608.16236400,417599569.68319208,0
2021-06-28 05:30:00,34707.81000000,35310.33000000,33860.04000000,34496.95000000,22295.86919600,1624924799999,769504773.28608751,466615,10967.09131500,378567084.93782293,0
2021-06-29 05:30:00,34496.95000000,36630.44000000,34231.72000000,35913.80000000,23478.87650100,1625011199999,834850117.70929982,488350,11858.51029100,421658085.95394719,0
2021-06-30 05:30:00,35913.80000000,36109.98000000,34050.00000000,35054.97000000,22113.21080300,1625097599999,771006548.88584832,441868,10697.38697600,373117547.15791656,0
2021-07-01 05:30:00,35045.36000000,35068.36000000,32723.75000000,33510.01000000,21759.59614200,1625183999999,731543369.22781070,434412,10643.44395000,357758558.01644623,0
2021-07-02 05:30:00,33510.00000000,33987.52000000,32697.06000000,33785.72000000,16804.54990800,1625270399999,559266488.43496897,348945,8375.95568200,278849051.10685429,0
2021-07-03 05:30:00,33788.26000000,34950.00000000,33322.78000000,34677.72000000,12466.90945900,1625356799999,427733695.30143325,273320,6483.36889900,222259894.66909890,0
2021-07-04 05:30:00,34676.20000000,35970.00000000,34371.23000000,35289.84000000,11770.59358200,1625443199999,415846445.75245880,277180,5929.39895000,209481229.23973724,0
2021-07-05 05:30:00,35292.72000000,35296.25000000,33140.00000000,33703.89000000,18477.16476700,1625529599999,628824916.24461681,366246,8918.17506800,303561949.16854925,0
2021-07-06 05:30:00,33703.89000000,35116.52000000,33531.27000000,34217.74000000,18669.87198600,1625615999999,638238455.06558344,383131,9442.50888900,322831739.69499323,0
2021-07-07 05:30:00,34217.74000000,35066.66000000,33780.40000000,33866.64000000,16221.48578100,1625702399999,560783938.65819989,329026,7755.25488300,268244559.36643104,0
2021-07-08 05:30:00,33863.86000000,33936.83000000,32104.22000000,32868.92000000,20754.46208800,1625788799999,682909051.06760425,396397,9448.23411000,310564728.26190064,0
2021-07-09 05:30:00,32872.07000000,34100.00000000,32272.17000000,33816.26000000,12803.63193700,1625875199999,424372552.54196215,303609,6728.77974100,223160739.83838756,0
2021-07-10 05:30:00,33816.26000000,34258.39000000,33025.01000000,33500.22000000,11966.54616300,1625961599999,403478066.42357799,254385,5934.86290600,200178530.88094013,0
2021-07-11 05:30:00,33500.22000000,34613.21000000,33310.22000000,34259.99000000,9968.93800000,1626047999999,337557944.20781178,244856,5451.79058200,184559747.24043487,0
2021-07-12 05:30:00,34260.00000000,34671.94000000,32660.21000000,33091.54000000,13935.47818900,1626134399999,468082046.60956967,320364,6787.64973100,228045415.16253580,0
2021-07-13 05:30:00,33086.72000000,33339.72000000,32200.74000000,32729.46000000,11023.43508100,1626220799999,361582725.41610233,296620,5306.37172700,174150732.58369873,0
2021-07-14 05:30:00,32729.46000000,33114.23000000,31586.52000000,32824.43000000,12731.58894800,1626307199999,412819426.42132102,331504,6040.36322900,195956820.76601920,0
2021-07-15 05:30:00,32823.10000000,33185.57000000,31135.08000000,31874.74000000,13494.33980300,1626393599999,431734403.61419079,365383,6761.48014900,216364348.67227673,0
2021-07-16 05:30:00,31872.37000000,32257.30000000,31016.66000000,31388.05000000,12574.19848900,1626479999999,399112244.17567263,339106,6253.86992600,198511123.08219200,0
2021-07-17 05:30:00,31386.48000000,31956.57000000,31170.19000000,31525.77000000,8632.63297700,1626566399999,272382333.40115521,249416,4281.02314200,135109856.24768215,0
2021-07-18 05:30:00,31523.22000000,32438.67000000,31130.06000000,31779.80000000,9435.22538600,1626652799999,299730872.37265572,236201,4751.36063900,151076176.90082749,0
2021-07-19 05:30:00,31781.55000000,31897.94000000,30411.77000000,30836.73000000,12677.52429700,1626739199999,393417848.29062321,291042,5928.53233600,183975500.97832934,0
2021-07-20 05:30:00,30836.72000000,31062.00000000,29288.00000000,29792.75000000,15791.47203500,1626825599999,470980404.03311645,364428,7243.05162600,216109111.83283061,0
2021-07-21 05:30:00,29796.21000000,32830.89000000,29496.05000000,32141.47000000,20544.16941800,1626911999999,645321297.21675575,445043,10256.67756900,322040858.53026210,0
2021-07-22 05:30:00,32141.47000000,32592.52000000,31722.01000000,32287.73000000,11185.17666900,1626998399999,359446962.76942371,272911,5454.78246300,175268751.40735680,0
2021-07-23 05:30:00,32287.73000000,33646.94000000,31984.75000000,33635.55000000,12318.44246300,1627084799999,401221440.15808975,319496,5658.98962400,184496435.21491791,0
2021-07-24 05:30:00,33635.56000000,34507.67000000,33415.46000000,34272.40000000,11995.43150000,1627171199999,406414836.86588058,328752,5730.16892400,194235525.87007480,0
2021-07-25 05:30:00,34274.13000000,35424.58000000,33867.06000000,35402.13000000,12023.63397100,1627257599999,413922837.78789060,328742,6192.55444600,213250488.11580336,0
2021-07-26 05:30:00,35402.13000000,40556.00000000,35236.73000000,37251.63000000,41147.77723300,1627343999999,1574984769.44774296,954032,20365.14211200,779401885.08148330,0
2021-07-27 05:30:00,37249.77000000,39547.37000000,36398.14000000,39463.08000000,25026.46265400,1627430399999,944650064.78660573,603230,12522.65536900,473283629.74790512,0
2021-07-28 05:30:00,39463.09000000,40926.84000000,38790.00000000,40028.37000000,29271.36047300,1627516799999,1167274228.28978361,693742,14126.93413500,563547319.67599553,0
2021-07-29 05:30:00,40027.99000000,40650.00000000,39241.66000000,40030.00000000,16621.03402200,1627603199999,662970639.57051531,438132,8141.39636200,324856198.13771171,0
2021-07-30 05:30:00,40030.00000000,42325.75000000,38336.66000000,42234.99000000,19099.69775800,1627689599999,763385573.62690596,512873,9591.15801600,384243778.62939997,0
2021-07-31 05:30:00,42235.00000000,42435.28000000,41050.00000000,41485.57000000,14034.96903700,1627775999999,584793201.58349494,411685,6769.23464200,282129642.81209895,0
2021-08-01 05:30:00,41485.57000000,42607.35000000,39420.00000000,39865.66000000,16860.96712400,1627862399999,696186950.75993897,494463,7681.96523600,317390981.55905703,0
2021-08-02 05:30:00,39865.66000000,40465.27000000,38683.00000000,39156.52000000,16616.97217100,1627948799999,657047166.90303460,435698,8315.86828400,328747986.35577708,0
2021-08-03 05:30:00,39156.51000000,39785.00000000,37634.78000000,38202.09000000,15414.75855000,1628035199999,592320736.19247407,511456,7583.77065800,291461090.85203070,0
2021-08-04 05:30:00,38202.09000000,39961.00000000,37500.01000000,39724.90000000,13846.90600300,1628121599999,536746146.51074441,427357,6792.34680700,263450285.19208339,0
2021-08-05 05:30:00,39724.89000000,41370.00000000,37321.00000000,40879.99000000,23138.61155300,1628207999999,909199086.01476097,744087,11318.24900200,445465138.90891606,0
2021-08-06 05:30:00,40880.00000000,43390.00000000,39810.00000000,42863.39000000,24604.81064000,1628294399999,1021507052.07571692,691117,12651.07737500,525066491.38306190,0
2021-08-07 05:30:00,42859.18000000,44732.90000000,42430.65000000,44603.26000000,21150.56013000,1628380799999,921477241.01559852,644419,10533.86565100,459149580.50152014,0
2021-08-08 05:30:00,44605.27000000,45362.31000000,43271.06000000,43823.23000000,19175.01770800,1628467199999,850815072.66679998,559674,9315.81206200,413499191.08207913,0
2021-08-09 05:30:00,43823.22000000,46492.00000000,42800.00000000,46264.60000000,19631.59225200,1628553599999,884050579.24379837,827930,9589.58698400,432010361.30283762,0
2021-08-10 05:30:00,46264.60000000,46723.64000000,44644.00000000,45597.85000000,14000.67556800,1628639999999,638166441.18820602,664074,6847.69470800,312184298.96001359,0
2021-08-11 05:30:00,45600.79000000,46779.50000000,45363.60000000,45532.47000000,13776.13657600,1628726399999,635374813.27534492,743722,6986.33335800,322243847.65888250,0
2021-08-12 05:30:00,45532.47000000,46228.23000000,43788.36000000,44419.43000000,14617.60830900,1628812799999,655784724.18528966,510279,7162.08777100,321194664.19660290,0
2021-08-13 05:30:00,44419.43000000,47888.04000000,44240.00000000,47820.33000000,12030.75988300,1628899199999,559773710.70852749,487748,6199.98305200,288651051.79592313,0
2021-08-14 05:30:00,47820.33000000,48200.00000000,46036.39000000,47101.08000000,11865.62905000,1628985599999,557344214.81860624,437996,5567.55386200,261704516.91600728,0
2021-08-15 05:30:00,47101.08000000,47408.36000000,45530.00000000,47008.84000000,12408.14658400,1629071999999,575607731.53983105,447217,6221.00147000,288691281.62709129,0
2021-08-16 05:30:00,47010.71000000,48077.80000000,45670.09000000,45913.14000000,12924.62017600,1629158399999,606423176.51052318,537539,6495.82483300,304979417.63655884,0
2021-08-17 05:30:00,45913.14000000,47168.10000000,44405.07000000,44689.46000000,14016.38333500,1629244799999,642760918.45532213,642958,6948.62994100,318695886.91598555,0
2021-08-18 05:30:00,44689.46000000,46020.00000000,44211.85000000,44711.19000000,12356.24333300,1629331199999,557556023.01518972,491837,5886.54115500,265655927.10803606,0
2021-08-19 05:30:00,44711.19000000,47048.46000000,43934.00000000,46754.71000000,14246.15510000,1629417599999,644884663.34157872,577795,7082.88133100,320882530.38016594,0
2021-08-20 05:30:00,46754.72000000,49400.00000000,46639.71000000,49342.38000000,13919.02553300,1629503999999,666375542.21615745,524977,7159.74151100,343001345.40638625,0
2021-08-21 05:30:00,49342.38000000,49800.00000000,48268.60000000,48859.02000000,10436.97708300,1629590399999,511891180.33238413,466218,5079.37226100,249186863.86700238,0
2021-08-22 05:30:00,48859.01000000,49520.52000000,48100.00000000,49282.12000000,8070.55401500,1629676799999,394179335.13366606,386197,3988.69410500,194857527.06713678,0
2021-08-23 05:30:00,49282.11000000,50542.30000000,49045.00000000,49500.43000000,11437.09700600,1629763199999,570607904.07939804,490484,5569.08958600,277769454.98231991,0
2021-08-24 05:30:00,49500.43000000,49880.03000000,47601.00000000,47685.90000000,11705.57690700,1629849599999,570418664.81455016,455323,5934.01879000,289297294.44191709,0
2021-08-25 05:30:00,47685.49000000,49265.54000000,47125.64000000,48981.92000000,10787.59327400,1629935999999,519910986.13663022,432481,5238.77512500,252545332.43147125,0
2021-08-26 05:30:00,48981.91000000,49351.67000000,46299.87000000,46850.23000000,14021.35290000,1630022399999,663197875.75904768,461621,6236.47769000,294961337.95628253,0
2021-08-27 05:30:00,46855.73000000,49157.89000000,46364.00000000,49071.58000000,12064.85113200,1630108799999,575732158.82078210,397316,5562.54520900,265647976.64794685,0
2021-08-28 05:30:00,49082.73000000,49303.94000000,48381.46000000,48920.40000000,6522.30235200,1630195199999,318926179.13736642,265439,3233.00756500,158131004.49492823,0
2021-08-29 05:30:00,48921.64000000,49656.34000000,47810.00000000,48806.77000000,9061.60111500,1630281599999,440976875.08963955,350450,4340.21037500,211312293.36070914,0
2021-08-30 05:30:00,48806.77000000,48914.15000000,46865.46000000,46997.23000000,11457.89781000,1630367999999,549880613.41315680,415951,5352.00072000,256893739.59503160,0
2021-08-31 05:30:00,46997.22000000,48269.25000000,46705.41000000,47114.52000000,13135.07783000,1630454399999,621983164.76163100,458997,6487.43176000,307034057.41804280,0
2021-09-01 05:30:00,47114.51000000,49124.64000000,46538.20000000,48834.11000000,13136.09170000,1630540799999,627479868.43807050,437951,6594.51633000,315298366.62468340,0
2021-09-02 05:30:00,48834.11000000,50386.28000000,48619.39000000,49271.91000000,13553.20758700,1630627199999,673488533.00940817,457562,6542.37847100,324977037.94358679,0
2021-09-03 05:30:00,49271.91000000,51051.61000000,48351.12000000,50017.04000000,16495.39881100,1630713599999,825269713.94388566,512392,7987.63978300,399920099.86284134,0
2021-09-04 05:30:00,50017.05000000,50552.81000000,49399.80000000,49942.28000000,8225.84177000,1630799999999,411508242.15231450,326079,3952.00508000,197730466.08870560,0
2021-09-05 05:30:00,49942.88000000,51907.87000000,49490.00000000,51792.81000000,9766.59309400,1630886399999,493490378.95551093,421779,5313.71979400,268587666.39785774,0
2021-09-06 05:30:00,51792.81000000,52799.00000000,51026.88000000,52695.57000000,11035.03668600,1630972799999,571367469.49063238,482579,5556.41728800,287819182.49269575,0
2021-09-07 05:30:00,52695.57000000,52937.84000000,43001.00000000,46878.12000000,28682.71611400,1631059199999,1398408710.13293124,1092106,13967.33624700,681354836.38156959,0
2021-09-08 05:30:00,46878.13000000,47355.00000000,44420.28000000,46062.42000000,20482.22856000,1631145599999,944207056.17314750,755908,9448.47128000,435498724.14989270,0
2021-09-09 05:30:00,46062.01000000,47393.87000000,45518.09000000,46393.93000000,13260.83115000,1631231999999,615919949.60629210,493665,6306.84582000,292983571.05679940,0
2021-09-10 05:30:00,46393.93000000,47036.62000000,44150.00000000,44857.81000000,13180.90372000,1631318399999,602753060.64728280,498448,6129.29332000,280290918.97653670,0
2021-09-11 05:30:00,44853.33000000,45983.00000000,44730.22000000,45172.22000000,8617.19555000,1631404799999,390763276.16945870,334494,4175.79557000,189409909.28235840,0
2021-09-12 05:30:00,45172.23000000,46460.90000000,44746.67000000,46020.00000000,8583.56192000,1631491199999,391850855.44457390,322860,4238.12178000,193512622.45219120,0
2021-09-13 05:30:00,46020.00000000,46871.08000000,43400.00000000,44949.20000000,17164.92852000,1631577599999,769111577.46400630,574064,8459.67198000,379284944.87135990,0
2021-09-14 05:30:00,44949.20000000,47266.56000000,44666.00000000,47119.85000000,10459.98450000,1631663999999,482800982.05917730,403954,5347.13000000,246803533.18570030,0
2021-09-15 05:30:00,47119.85000000,48468.00000000,46700.00000000,48142.80000000,10336.69391000,1631750399999,492469872.08500400,378310,4865.29097000,231780415.95336010,0
2021-09-16 05:30:00,48142.79000000,48505.00000000,47034.53000000,47750.76000000,11666.15519000,1631836799999,558117448.03859220,424665,5355.08643000,256156690.99235500,0
2021-09-17 05:30:00,47750.75000000,48159.47000000,46751.00000000,47300.00000000,8914.53051000,1631923199999,423625682.60711170,365362,4362.99023000,207319643.70354680,0
2021-09-18 05:30:00,47301.00000000,48831.51000000,47012.77000000,48301.46000000,8619.57809000,1632009599999,416086269.22115400,353852,4398.07983000,212302635.83511260,0
2021-09-19 05:30:00,48301.46000000,48379.90000000,46845.82000000,47251.77000000,7978.08045000,1632095999999,380137791.92950850,331574,3682.26051000,175474126.42949060,0
2021-09-20 05:30:00,47251.77000000,47346.77000000,42500.00000000,43010.83000000,24316.50145800,1632182399999,1078318941.08258573,741265,11840.95673400,525276040.07131908,0
2021-09-21 05:30:00,43008.65000000,43632.90000000,39570.00000000,40724.57000000,24096.57885700,1632268799999,1011566905.54776326,765663,11534.42200400,484691797.21105784,0
2021-09-22 05:30:00,40731.73000000,44020.38000000,40570.28000000,43559.00000000,16578.31537600,1632355199999,706528657.86749880,552090,8272.38045600,352420302.01159040,0
2021-09-23 05:30:00,43559.01000000,45000.00000000,43091.39000000,44884.62000000,13438.72058000,1632441599999,592697056.50839800,480708,6356.93181000,280283832.97594890,0
2021-09-24 05:30:00,44884.62000000,45164.05000000,40700.00000000,42840.18000000,22226.43538000,1632527999999,949560766.98413480,734066,10345.98784000,441920621.64557460,0
2021-09-25 05:30:00,42840.19000000,42985.00000000,41671.12000000,42695.78000000,10393.48248000,1632614399999,442058469.25020580,421112,5167.81631000,219854001.82340400,0
2021-09-26 05:30:00,42692.91000000,43956.52000000,40780.01000000,43181.73000000,15227.10806000,1632700799999,649989173.52348530,542987,7211.43706000,307976359.45073910,0
2021-09-27 05:30:00,43181.73000000,44365.00000000,42112.34000000,42167.08000000,11228.22353000,1632787199999,488200756.17240880,415045,5198.69798000,226119187.61278280,0
2021-09-28 05:30:00,42167.09000000,42778.06000000,40891.83000000,41024.26000000,12491.35908000,1632873599999,522927501.14955400,441180,6256.96407000,261930235.54010200,0
2021-09-29 05:30:00,41024.27000000,42600.10000000,40748.03000000,41523.02000000,10493.83731000,1632959999999,438149969.54573980,377041,5297.68905000,221236429.42639760,0
2021-09-30 05:30:00,41523.01000000,44111.83000000,41408.90000000,43818.22000000,13226.56030000,1633046399999,571807275.30566570,462394,6470.70056000,279623428.60676560,0
2021-10-01 05:30:00,43823.18000000,48480.91000000,43300.00000000,48163.64000000,18601.52499000,1633132799999,866032173.13259040,629152,9225.08978000,429306932.99150320,0
2021-10-02 05:30:00,48163.63000000,48349.94000000,47441.54000000,47659.18000000,8254.80491000,1633219199999,395030851.83881270,359366,3849.65561000,184238444.87314880,0
2021-10-03 05:30:00,47659.22000000,49252.36000000,47126.00000000,48228.72000000,8198.05101000,1633305599999,394417465.66288910,364297,3994.44148000,192160993.43042530,0
2021-10-04 05:30:00,48228.72000000,49500.00000000,46929.29000000,49238.09000000,13166.79745000,1633391999999,635632628.48949630,521796,6596.63773000,318645640.29580460,0
2021-10-05 05:30:00,49228.15000000,51900.00000000,49050.88000000,51493.60000000,13295.21936000,1633478399999,667575252.69850940,524346,6570.21255000,330131292.42023810,0
2021-10-06 05:30:00,51498.50000000,55790.21000000,50411.31000000,55334.18000000,17619.66442400,1633564799999,936531701.16286096,703427,9092.65107200,483429363.08881764,0
2021-10-07 05:30:00,55334.19000000,55348.01000000,53340.00000000,53792.44000000,12334.28712000,1633651199999,670016256.67442210,500892,5731.46588000,311343230.48643880,0
2021-10-08 05:30:00,53797.16000000,56123.00000000,53627.01000000,53954.99000000,11480.94952500,1633737599999,627309323.24286222,457324,5565.28878800,304137233.90427362,0
2021-10-09 05:30:00,53955.00000000,55496.95000000,53673.47000000,54969.00000000,7951.63635000,1633823999999,435532240.16926920,309984,3894.03757000,213308257.96803740,0
2021-10-10 05:30:00,54969.00000000,56580.00000000,54101.71000000,54689.00000000,11623.56574900,1633910399999,641817212.78243919,461814,5825.75347500,321809659.47002331,0
2021-10-11 05:30:00,54688.96000000,57900.42000000,54442.85000000,57480.27000000,13249.24568100,1633996799999,752024452.03395610,497180,6769.56952200,384125087.05003860,0
2021-10-12 05:30:00,57487.79000000,57680.00000000,53912.93000000,56004.33000000,15397.40734000,1634083199999,869442615.62887170,538944,7191.09293000,406471873.13772230,0
2021-10-13 05:30:00,56004.33000000,57780.00000000,54261.59000000,57367.64000000,13754.95794000,1634169599999,768944600.41265340,505577,6884.20241000,384952275.16407420,0
2021-10-14 05:30:00,57367.65000000,58535.23000000,56824.32000000,57350.09000000,10694.50327100,1634255999999,616325900.45799468,439411,5243.69849200,302401464.49357835,0
2021-10-15 05:30:00,57350.08000000,62888.88000000,56879.78000000,61669.34000000,20243.58300300,1634342399999,1218481689.91946980,744790,10337.95652900,622737106.35710461,0
2021-10-16 05:30:00,61668.94000000,62352.54000000,60158.01000000,60878.95000000,9624.27049000,1634428799999,589511964.52439140,402084,4526.12244000,277250335.91453430,0
2021-10-17 05:30:00,60878.96000000,61710.00000000,58950.00000000,61510.94000000,10279.31116000,1634515199999,623441809.17802260,425843,5032.12238000,305341803.44489680,0
2021-10-18 05:30:00,61525.57000000,62678.14000000,59850.00000000,62011.55000000,14576.96947000,1634601599999,898483600.49636780,591134,7360.12435000,453771283.47758100,0
2021-10-19 05:30:00,62004.63000000,64490.00000000,61357.20000000,64282.61000000,14120.61100200,1634687999999,887116619.03358726,614307,7146.03512000,449052572.05794120,0
2021-10-20 05:30:00,64291.00000000,66998.00000000,63502.00000000,66018.41000000,12114.06977600,1634774399999,792008810.20071671,538901,5810.69643100,379827566.62047692,0
2021-10-21 05:30:00,66018.41000000,66649.69000000,62001.00000000,62199.17000000,18273.92278000,1634860799999,1174090194.22968380,819681,8620.31092000,554030732.12096240,0
2021-10-22 05:30:00,62199.17000000,63746.61000000,59931.37000000,60677.78000000,14284.99518000,1634947199999,884952219.11540680,621138,7174.43616000,444441457.44084970,0
2021-10-23 05:30:00,60677.79000000,61737.78000000,59619.37000000,61279.94000000,7845.17310000,1635033599999,478649850.45654320,403913,3656.13932000,223274384.68695990,0
2021-10-24 05:30:00,61279.94000000,61480.00000000,59523.00000000,60858.00000000,9103.99297000,1635119999999,550729934.99831780,422876,4223.46398000,255521248.81393280,0
2021-10-25 05:30:00,60858.00000000,63699.99000000,60657.77000000,63072.07000000,10175.24136000,1635206399999,637846675.53403860,453228,5287.07268000,331269127.27927070,0
2021-10-26 05:30:00,63072.08000000,63285.00000000,59850.00000000,60321.97000000,10749.40364000,1635292799999,666362691.97539170,523128,5067.43347000,314223827.77880440,0
2021-10-27 05:30:00,60325.19000000,61497.28000000,58010.00000000,58438.63000000,15569.46547000,1635379199999,925036410.34647230,675685,7392.35389000,439420202.64414940,0
2021-10-28 05:30:00,58448.72000000,62570.03000000,57800.00000000,60593.95000000,15618.52465000,1635465599999,940984638.58318400,750221,7647.11844000,461017457.07794330,0
2021-10-29 05:30:00,60596.54000000,62964.12000000,60181.47000000,62249.85000000,12460.94735000,1635551999999,767428165.87601820,581781,6212.26175000,382602917.56830410,0
2021-10-30 05:30:00,62249.85000000,62350.00000000,60731.77000000,61885.35000000,10511.51493000,1635638399999,647676898.82054020,481734,4699.73468000,289606305.19812210,0
2021-10-31 05:30:00,61885.35000000,62425.00000000,59971.00000000,61340.58000000,9814.39863000,1635724799999,599152543.28098980,487155,4632.84276000,282885180.11477300,0
2021-11-01 05:30:00,61343.13000000,62480.00000000,59500.00000000,60939.91000000,12232.46723000,1635811199999,748922503.25065640,550536,5872.49546000,359983130.72158110,0
2021-11-02 05:30:00,60939.91000000,64300.00000000,60661.27000000,63257.70000000,10751.96477000,1635897599999,674880281.70173270,582077,5667.28306000,355731713.10978210,0
2021-11-03 05:30:00,63257.70000000,63565.29000000,60400.00000000,62928.12000000,10899.63806000,1635983999999,682575125.40666960,576105,4986.52723000,312625528.54902010,0
2021-11-04 05:30:00,62928.13000000,63125.00000000,60740.00000000,61443.35000000,10474.64639000,1636070399999,646370276.60392040,487001,4930.67036000,304329170.09465230,0
2021-11-05 05:30:00,61443.34000000,62631.08000000,60800.00000000,61001.36000000,9475.41802000,1636156799999,582893543.86785630,437108,4606.88835000,283565678.19068380,0
2021-11-06 05:30:00,61000.76000000,61605.14000000,60111.00000000,61518.88000000,7010.73483000,1636243199999,426903300.99030440,354797,3442.91380000,209720815.14629910,0
2021-11-07 05:30:00,61518.88000000,63333.00000000,61371.32000000,63327.14000000,7182.60363000,1636329599999,446666464.97339380,370044,3874.30151000,241017265.67678980,0
2021-11-08 05:30:00,63321.69000000,67837.21000000,63321.69000000,67570.19000000,13996.47919300,1636415999999,920760804.36643589,645879,7215.43638800,474316782.11479054,0
2021-11-09 05:30:00,67571.12000000,68590.70000000,66256.00000000,66958.39000000,12058.00086400,1636502399999,814453625.88311285,541485,5914.35717400,399719989.09337465,0
2021-11-10 05:30:00,66958.39000000,69020.00000000,62957.17000000,64911.66000000,15542.39812800,1636588799999,1034133623.05769974,756579,7593.94962700,505823259.87693938,0
2021-11-11 05:30:00,64911.65000000,65611.53000000,64132.23000000,64816.53000000,9914.99834000,1636675199999,643740999.00653400,467307,4528.17824000,293971553.77239110,0
2021-11-12 05:30:00,64816.53000000,65466.66000000,62300.00000000,64139.28000000,11263.11499000,1636761599999,720305761.49114520,547041,5543.97016000,354608766.96793300,0
2021-11-13 05:30:00,64140.76000000,64988.32000000,63380.84000000,64389.00000000,5781.19382000,1636847999999,370528850.44105260,308299,2810.49597000,180175860.89076810,0
2021-11-14 05:30:00,64389.00000000,65530.56000000,63592.14000000,65527.47000000,7123.48023000,1636934399999,459399358.59323320,326609,3682.89517000,237599321.03694260,0
2021-11-15 05:30:00,65528.12000000,66346.00000000,63398.31000000,63615.74000000,8876.33095000,1637020799999,576838813.91116520,406587,4320.22946000,280867844.10716800,0
2021-11-16 05:30:00,63615.75000000,63618.92000000,58610.00000000,60088.00000000,19829.43647000,1637107199999,1205183209.78440260,812366,9240.99201000,561389356.64132820,0
2021-11-17 05:30:00,60092.23000000,60886.91000000,58370.13000000,60371.86000000,11836.55864000,1637193599999,707870173.45173390,599600,5672.58452000,339277625.47382400,0
2021-11-18 05:30:00,60368.85000000,60972.22000000,56520.00000000,56917.36000000,15359.10647000,1637279999999,901238859.85529960,713802,7356.45317000,431833753.76781280,0
2021-11-19 05:30:00,56926.63000000,58373.09000000,55624.03000000,58099.99000000,11081.25742000,1637366399999,633546305.31765580,510035,5087.40379000,290809481.24825970,0
2021-11-20 05:30:00,58100.00000000,59880.10000000,57405.00000000,59743.28000000,7840.38580000,1637452799999,460047736.69451480,364666,4020.04502000,235960581.66345910,0
2021-11-21 05:30:00,59743.29000000,60074.03000000,58530.17000000,58677.10000000,7595.59042000,1637539199999,449429857.15120230,359357,3786.19915000,224037105.67580380,0
2021-11-22 05:30:00,58677.31000000,59490.00000000,55590.00000000,56292.09000000,13682.60854000,1637625599999,786139618.88218160,550558,6338.22892000,364602278.04039030,0
2021-11-23 05:30:00,56292.08000000,57857.14000000,55338.72000000,57557.90000000,11918.22396000,1637711999999,677839864.08560200,544489,5791.45736000,329445279.81971850,0
2021-11-24 05:30:00,57557.90000000,57747.80000000,55896.57000000,57155.08000000,9717.99725000,1637798399999,551445487.26992250,458696,4840.88213000,274725539.53401330,0
2021-11-25 05:30:00,57157.70000000,59427.59000000,57010.00000000,58999.99000000,10348.68584000,1637884799999,603464997.89071800,498700,5106.33565000,297807903.53244130,0
2021-11-26 05:30:00,58999.99000000,59191.99000000,53511.00000000,53759.97000000,17773.69862000,1637971199999,983694653.60570990,758464,8926.92950000,493589279.96303700,0
2021-11-27 05:30:00,53756.29000000,55304.81000000,53644.88000000,54762.33000000,7758.23976000,1638057599999,424086962.07375250,383647,3896.14658000,212982978.29870160,0
2021-11-28 05:30:00,54762.32000000,57471.01000000,53310.00000000,57317.97000000,9229.56020000,1638143999999,506012132.38597680,410111,4459.47081000,244657113.94823730,0
2021-11-29 05:30:00,57317.12000000,58900.61000000,56728.28000000,57826.71000000,8748.92499000,1638230399999,504553360.20970030,437774,4251.56976000,245213972.15685260,0
2021-11-30 05:30:00,57826.72000000,59219.27000000,55929.00000000,56981.05000000,13182.52246000,1638316799999,757323032.96476860,661621,6451.01745000,370741742.04714420,0
2021-12-01 05:30:00,56981.05000000,59100.00000000,56494.25000000,57212.27000000,11500.24907000,1638403199999,661412793.84135110,562740,5620.27669000,323213308.04525470,0
2021-12-02 05:30:00,57212.27000000,57406.66000000,55830.00000000,56523.54000000,9635.32024000,1638489599999,545966074.02966010,512101,4658.35423000,263978479.13561550,0
2021-12-03 05:30:00,56523.37000000,57650.00000000,51681.00000000,53648.00000000,13111.65984000,1638575999999,724616354.53857560,660838,6146.13786000,339866331.78009900,0
2021-12-04 05:30:00,53646.14000000,53888.94000000,42620.24000000,49201.95000000,26434.37925000,1638662399999,1273470911.78902810,1129034,13008.07434000,626819827.48331950,0
2021-12-05 05:30:00,49203.65000000,49763.02000000,47811.00000000,49446.72000000,12469.88547000,1638748799999,611427099.82788020,554254,6829.86598000,334896891.79205470,0
2021-12-06 05:30:00,49450.95000000,50945.26000000,47110.26000000,50500.01000000,15957.76523000,1638835199999,777651796.56283600,637930,8737.54156000,425865742.34454360,0
2021-12-07 05:30:00,50500.00000000,51984.79000000,50030.58000000,50634.01000000,11474.40001000,1638921599999,585538808.59175920,465633,5591.04594000,285350478.37431170,0
2021-12-08 05:30:00,50631.61000000,51242.37000000,48644.59000000,50512.87000000,10488.04149000,1639007999999,525824598.68050510,414385,5248.78812000,263096227.63375180,0
2021-12-09 05:30:00,50513.55000000,50840.00000000,47334.87000000,47569.26000000,11581.89907000,1639094399999,565974456.96840030,454918,5612.46762000,274237913.00930330,0
2021-12-10 05:30:00,47566.83000000,50128.03000000,46860.00000000,47166.63000000,12699.98200000,1639180799999,613111791.31346540,498194,6242.05081000,301486128.66179070,0
2021-12-11 05:30:00,47166.62000000,49500.00000000,46770.00000000,49422.38000000,8701.83423000,1639267199999,421588579.62179970,374942,4300.97190000,208360588.35814810,0
2021-12-12 05:30:00,49422.39000000,50800.00000000,48648.81000000,50080.09000000,7907.59353000,1639353599999,392949430.26820760,336374,4018.56633000,199738813.81857600,0
2021-12-13 05:30:00,50080.19000000,50211.41000000,45675.93000000,46723.70000000,14240.85804000,1639439999999,680873066.98277280,552775,6808.55239000,325192781.03120870,0
2021-12-14 05:30:00,46721.36000000,48679.93000000,46310.91000000,48365.91000000,11276.93401000,1639526399999,532978762.31628490,493792,5654.47042000,267340397.74839000,0
2021-12-15 05:30:00,48364.06000000,49500.00000000,46560.00000000,48883.91000000,13938.48076000,1639612799999,671576727.36056410,563201,7089.87590000,342003659.38366960,0
2021-12-16 05:30:00,48882.77000000,49450.00000000,47526.36000000,47639.42000000,9045.64979000,1639699199999,439364673.62694390,388230,4610.31206000,223919464.83068120,0
2021-12-17 05:30:00,47639.75000000,48007.03000000,45444.44000000,46153.70000000,12795.51061000,1639785599999,598209820.55308640,500149,5801.07128000,271306147.32415900,0
2021-12-18 05:30:00,46148.67000000,47420.60000000,45515.00000000,46847.87000000,7774.99060000,1639871999999,362197122.55445920,348376,3861.00761000,179954417.16913740,0
2021-12-19 05:30:00,46844.86000000,48300.00000000,46446.59000000,46699.10000000,8115.31037000,1639958399999,383696092.23493330,357500,4080.92220000,193050209.90114930,0
2021-12-20 05:30:00,46699.10000000,47530.00000000,45576.19000000,46916.22000000,10529.88683000,1640044799999,488638843.91266510,424259,5305.31897000,246206509.59892740,0
2021-12-21 05:30:00,46916.22000000,49332.98000000,46655.60000000,48905.71000000,10906.09667000,1640131199999,528585997.13848590,412808,5604.52064000,271426908.63899370,0
2021-12-22 05:30:00,48906.70000000,49600.00000000,48453.22000000,48610.35000000,7859.48983000,1640217599999,385027802.82322410,336362,3854.52708000,188844242.23669580,0
2021-12-23 05:30:00,48611.49000000,51384.72000000,48025.92000000,50847.09000000,10627.49589000,1640303999999,524779348.78131610,403577,5389.50162000,266050656.00045830,0
2021-12-24 05:30:00,50847.10000000,51849.32000000,50431.29000000,50846.08000000,8112.96898000,1640390399999,414441516.00648650,353883,3951.44749000,201898053.66496390,0
2021-12-25 05:30:00,50846.72000000,51171.94000000,50167.69000000,50427.56000000,5193.43070000,1640476799999,263790309.20138230,265239,2542.84130000,129184911.78776710,0
2021-12-26 05:30:00,50429.21000000,51300.00000000,49446.20000000,50801.06000000,7141.32871000,1640563199999,358396826.03798720,320988,3518.66806000,176656393.60618890,0
2021-12-27 05:30:00,50801.07000000,52134.38000000,50469.66000000,50727.55000000,8896.80140000,1640649599999,455369341.75534460,383124,4257.01977000,217860546.43568560,0
2021-12-28 05:30:00,50727.54000000,50727.54000000,47318.91000000,47556.84000000,13876.71864000,1640735999999,678342689.55067540,517319,6747.86638000,329753502.06735590,0
2021-12-29 05:30:00,47556.84000000,48138.44000000,46081.63000000,46471.72000000,11324.73006000,1640822399999,536767840.24597240,434150,5475.20196000,259561734.68674050,0
2021-12-30 05:30:00,46471.73000000,47907.26000000,45923.13000000,47125.87000000,9568.70039000,1640908799999,450484692.96351410,376813,4637.22581000,218350658.83850720,0
2021-12-31 05:30:00,47125.89000000,48566.66000000,45680.00000000,46208.25000000,11585.53472000,1640995199999,548085663.31642220,428934,5741.49088000,271721011.39032870,0
2022-01-01 05:30:00,46215.75000000,47939.99000000,46212.42000000,47729.83000000,5718.58633000,1641081599999,269650559.48179580,287081,2791.51667000,131678670.59162180,0
2022-01-02 05:30:00,47729.83000000,47998.49000000,46671.57000000,47293.15000000,6493.43477000,1641167999999,306965419.70667970,291299,3175.67053000,150138400.70154490,0
2022-01-03 05:30:00,47293.16000000,47580.00000000,45700.00000000,46450.22000000,8870.25248000,1641254399999,414419389.66394720,364188,4290.85103000,200550725.53928660,0
2022-01-04 05:30:00,46450.22000000,47540.00000000,45545.17000000,45824.27000000,10080.39299000,1641340799999,468551681.19776610,412673,4951.31192000,230246973.06791590,0
2022-01-05 05:30:00,45824.27000000,47061.05000000,42500.00000000,43448.50000000,16822.05714000,1641427199999,759424290.40428800,621599,8265.40674000,373468109.36354840,0
2022-01-06 05:30:00,43444.77000000,43792.21000000,42420.00000000,43086.35000000,12143.36410000,1641513599999,522840952.95085630,496075,6139.37253000,264332722.68835450,0
2022-01-07 05:30:00,43086.35000000,43142.11000000,40635.14000000,41556.89000000,18009.19210000,1641599999999,753398805.00439100,611332,8770.78331000,366995320.76141820,0
2022-01-08 05:30:00,41556.90000000,42306.69000000,40524.00000000,41678.35000000,10584.77879000,1641686399999,439274392.32154280,420443,5116.64632000,212421471.88978190,0
2022-01-09 05:30:00,41680.13000000,42778.07000000,41200.81000000,41860.61000000,8109.48014000,1641772799999,339904814.30437380,333336,3993.48758000,167392437.26376040,0
2022-01-10 05:30:00,41867.75000000,42282.88000000,39651.31000000,41819.01000000,16579.39971000,1641859199999,682693148.89233020,541376,8240.87476000,339379284.96248710,0
2022-01-11 05:30:00,41819.00000000,43106.15000000,41255.78000000,42740.00000000,12561.68865000,1641945599999,530269739.48819520,444005,6137.80370000,259008104.16946090,0
2022-01-12 05:30:00,42740.00000000,44324.66000000,42453.00000000,43919.88000000,10785.33895000,1642031999999,467728345.18377930,428325,5279.26787000,229020654.97856740,0
2022-01-13 05:30:00,43919.87000000,44443.07000000,42330.00000000,42570.33000000,10239.58548000,1642118399999,443990247.06157610,411567,4972.64366000,215657309.09162310,0
2022-01-14 05:30:00,42567.80000000,43470.00000000,41751.00000000,43074.83000000,10079.35892000,1642204799999,430501504.16490530,397771,4785.40499000,204395597.16786900,0
2022-01-15 05:30:00,43078.58000000,43826.31000000,42580.00000000,43104.80000000,6015.35835000,1642291199999,259536209.67510390,272285,2764.82830000,119293886.42140770,0
2022-01-16 05:30:00,43104.80000000,43489.00000000,42601.97000000,43089.63000000,5918.41107000,1642377599999,254980100.49269350,266980,2748.39403000,118421847.73642690,0
2022-01-17 05:30:00,43089.65000000,43189.00000000,41561.65000000,42215.08000000,7831.06772000,1642463999999,332536541.39535510,317095,3639.91271000,154597826.09198540,0
2022-01-18 05:30:00,42211.48000000,42699.98000000,41290.00000000,42362.39000000,9491.41833000,1642550399999,397333623.92744340,339843,4783.79492000,200252145.16034760,0
2022-01-19 05:30:00,42363.98000000,42573.60000000,41116.78000000,41671.98000000,12002.26214000,1642636799999,503136702.39857140,380891,5806.95231000,243304377.32052930,0
2022-01-20 05:30:00,41671.99000000,43509.26000000,40574.21000000,40690.45000000,12706.54510000,1642723199999,536458766.39979530,440835,5974.19059000,252201952.47360700,0
2022-01-21 05:30:00,40688.78000000,41104.08000000,35433.07000000,36462.22000000,31219.36923800,1642809599999,1198823371.89870598,888384,15094.20264100,579699347.82379252,0
2022-01-22 05:30:00,36462.21000000,36833.33000000,34015.00000000,35065.91000000,23013.36838300,1642895999999,814463431.24395241,771929,11346.39790200,401716028.77929790,0
2022-01-23 05:30:00,35076.53000000,36505.50000000,34614.92000000,36250.76000000,16230.18302000,1642982399999,576038572.91680090,512064,7880.24119000,279745384.28389100,0
2022-01-24 05:30:00,36250.76000000,37592.69000000,32950.01000000,36675.08000000,30928.03547900,1643068799999,1076018856.33870362,880554,15089.06653400,525022228.32232379,0
2022-01-25 05:30:00,36675.09000000,37555.55000000,35708.37000000,36963.57000000,19854.23252000,1643155199999,726935160.16108760,560012,8756.09664000,320621795.98714660,0
2022-01-26 05:30:00,36975.14000000,38930.00000000,36276.07000000,36831.31000000,23974.51477500,1643241599999,903161495.73560305,713695,11222.73790500,422641983.74370115,0
2022-01-27 05:30:00,36831.31000000,37233.22000000,35523.16000000,37170.00000000,17210.44519000,1643327999999,625428914.35336540,551246,8396.90356000,305245994.72822730,0
2022-01-28 05:30:00,37169.99000000,38023.51000000,36170.08000000,37723.91000000,13727.24761000,1643414399999,508524380.81925080,467880,6687.35023000,247699486.35780610,0
2022-01-29 05:30:00,37724.11000000,38735.62000000,37306.10000000,38176.66000000,9917.80907000,1643500799999,375625717.79009650,355059,4788.71055000,181358340.28115130,0
2022-01-30 05:30:00,38176.65000000,38374.74000000,37366.66000000,37901.61000000,6798.05194000,1643587199999,257793432.33809020,281865,3131.55708000,118770802.07082020,0
2022-01-31 05:30:00,37901.61000000,38750.00000000,36662.83000000,38477.00000000,12794.21767000,1643673599999,482400028.88909200,387098,6325.39723000,238459876.86974620,0
2022-02-01 05:30:00,38477.00000000,39281.75000000,38022.72000000,38715.13000000,12130.65340000,1643759999999,468379349.26556670,423461,5937.42557000,229336925.05124810,0
2022-02-02 05:30:00,38715.14000000,38877.07000000,36600.10000000,36919.33000000,11855.28120000,1643846399999,447984077.59282580,370096,5601.22333000,211649657.76563030,0
2022-02-03 05:30:00,36924.99000000,37388.91000000,36256.80000000,37330.03000000,11209.11192000,1643932799999,412095323.88499960,353525,5588.30734000,205458190.14259630,0
2022-02-04 05:30:00,37330.02000000,41800.61000000,37036.66000000,41593.87000000,20505.69392000,1644019199999,800758974.74527790,516303,10150.14165000,396416337.91494590,0
2022-02-05 05:30:00,41595.09000000,41938.74000000,40968.10000000,41403.93000000,10335.86575000,1644105599999,429248509.92684160,354028,4732.52824000,196492527.54916410,0
2022-02-06 05:30:00,41403.93000000,42688.05000000,41150.36000000,42403.87000000,7027.53920000,1644191999999,293114482.23286080,276582,3611.87638000,150711486.17369460,0
2022-02-07 05:30:00,42403.87000000,44565.73000000,41673.68000000,43870.10000000,14203.59475000,1644278399999,614469236.36218230,520796,7075.59579000,306106060.34510320,0
2022-02-08 05:30:00,43870.10000000,45578.78000000,42705.80000000,44077.20000000,17171.56144000,1644364799999,753281244.92406090,593534,8348.66504000,366267789.15785420,0
2022-02-09 05:30:00,44077.20000000,44866.66000000,43132.12000000,44406.64000000,11382.13609000,1644451199999,500617651.34072830,413452,5375.34161000,236464384.04453680,0
2022-02-10 05:30:00,44406.64000000,45871.34000000,43201.56000000,43533.17000000,18633.83734000,1644537599999,828209833.10780620,658385,9194.45382000,408817087.35613000,0
2022-02-11 05:30:00,43533.17000000,43948.95000000,41961.19000000,42399.11000000,14670.53220000,1644623999999,632739278.45798270,493989,7395.79965000,319033111.38876010,0
2022-02-12 05:30:00,42399.11000000,43029.16000000,41760.01000000,42243.29000000,7877.06878000,1644710399999,333279441.27946280,329042,3810.34013000,161273218.14978470,0
2022-02-13 05:30:00,42243.28000000,42789.52000000,41876.07000000,42078.34000000,6333.48199000,1644796799999,268225377.05236030,249868,3147.75199000,133330050.42365780,0
2022-02-14 05:30:00,42082.18000000,42860.00000000,41579.79000000,42550.64000000,11322.95365000,1644883199999,478820920.31925440,343408,5602.28864000,236869723.45198010,0
2022-02-15 05:30:00,42556.45000000,44770.00000000,42444.52000000,44574.32000000,11527.69686000,1644969599999,506859027.09424110,363842,5422.21681000,238312837.62853690,0
2022-02-16 05:30:00,44574.32000000,44577.46000000,43342.42000000,43903.35000000,9441.37704000,1645055999999,415043556.79808140,306480,4309.01953000,189403178.98943070,0
2022-02-17 05:30:00,43902.22000000,44200.00000000,40095.95000000,40540.14000000,14463.16704000,1645142399999,611137122.90855330,443056,6797.58225000,287306409.92385540,0
2022-02-18 05:30:00,40540.15000000,40989.03000000,39473.31000000,39999.00000000,14365.13894000,1645228799999,579113164.51568300,391135,7074.53855000,285181627.70741940,0
2022-02-19 05:30:00,39999.00000000,40457.23000000,39659.35000000,40098.33000000,5941.75156000,1645315199999,237925272.08629980,190515,2927.43161000,117220336.78645300,0
2022-02-20 05:30:00,40104.17000000,40139.91000000,38000.00000000,38398.40000000,9687.91771000,1645401599999,374608343.06376480,284252,4457.90425000,172328756.88795500,0
2022-02-21 05:30:00,38403.97000000,39517.46000000,36826.00000000,37022.40000000,18194.09963000,1645487999999,696160778.03194790,532513,9096.90728000,348154122.60698170,0
2022-02-22 05:30:00,37028.21000000,38440.00000000,36363.00000000,38251.18000000,16823.04072000,1645574399999,629958832.11953220,442081,8369.72156000,313343146.26766590,0
2022-02-23 05:30:00,38251.19000000,39270.27000000,37050.00000000,37269.34000000,14060.15458000,1645660799999,538020859.27759690,371452,6847.82929000,262009263.51122160,0
2022-02-24 05:30:00,37269.34000000,39758.43000000,34347.41000000,38340.41000000,36576.15461000,1645747199999,1320373835.64835030,856440,18109.26069000,654102567.89956950,0
2022-02-25 05:30:00,38340.42000000,39699.00000000,38038.46000000,39237.06000000,17838.05018000,1645833599999,693774757.58303300,485572,8895.66454000,346059735.21115880,0
2022-02-26 05:30:00,39237.07000000,40300.00000000,38600.46000000,39138.11000000,9565.15433000,1645919999999,375586810.57996010,311084,4704.47350000,184750749.58771260,0
2022-02-27 05:30:00,39138.11000000,39881.77000000,37027.55000000,37714.43000000,15019.42372000,1646006399999,578771131.93665620,442373,7217.98654000,278183703.41220730,0
2022-02-28 05:30:00,37714.42000000,44200.00000000,37468.28000000,43181.27000000,20871.52113000,1646092799999,836944852.70679030,629067,10924.72266000,437868295.01040210,0
2022-03-01 05:30:00,43176.41000000,44968.13000000,42838.68000000,44434.09000000,19079.99314000,1646179199999,834995862.19811000,591962,8849.97397000,387337099.64994610,0
2022-03-02 05:30:00,44434.09000000,45333.08000000,43351.00000000,43914.13000000,16484.29144000,1646265599999,727967088.97298010,542412,7789.43151000,344070322.01288640,0
2022-03-03 05:30:00,43914.13000000,44105.00000000,41840.07000000,42454.92000000,13683.19658000,1646351999999,588091230.30998760,431326,6542.40562000,281143821.30801240,0
2022-03-04 05:30:00,42454.92000000,42529.20000000,38570.00000000,39156.23000000,18328.59171000,1646438399999,748731192.53882870,566825,8640.06676000,353336411.86053910,0
2022-03-05 05:30:00,39156.23000000,39612.68000000,38579.83000000,39401.97000000,8690.51325000,1646524799999,340266540.52527410,308817,4206.04338000,164669805.07765130,0
2022-03-06 05:30:00,39401.98000000,39700.00000000,38095.23000000,38424.78000000,10474.47389000,1646611199999,407389506.48766750,365341,5166.02820000,200999808.19819520,0
2022-03-07 05:30:00,38424.78000000,39600.00000000,37161.72000000,37994.61000000,17414.71503000,1646697599999,666821699.20826050,549977,8740.33172000,334844231.68477610,0
2022-03-08 05:30:00,37993.00000000,39362.24000000,37873.44000000,38732.68000000,18241.87395000,1646783999999,705636113.16193470,528551,9004.78491000,348343737.24665510,0
2022-03-09 05:30:00,38737.21000000,42597.70000000,38660.61000000,41953.50000000,21441.60115000,1646870399999,889333940.91981610,578866,10666.50543000,442064706.15297530,0
2022-03-10 05:30:00,41950.93000000,42043.60000000,38536.10000000,39437.09000000,22270.12671000,1646956799999,882348563.38503660,586493,10593.41898000,419488956.72188050,0
2022-03-11 05:30:00,39436.83000000,40255.31000000,38249.61000000,38731.74000000,17172.97713000,1647043199999,671052528.94959000,510348,8723.66325000,340885101.58864530,0
2022-03-12 05:30:00,38731.75000000,39489.79000000,38657.32000000,38810.31000000,6311.47283000,1647129599999,246749213.10423930,235613,2987.15161000,116801626.48868210,0
2022-03-13 05:30:00,38810.32000000,39314.51000000,37590.17000000,37785.47000000,8727.85058000,1647215999999,337872466.39832780,299555,4134.87932000,160226434.32944360,0
2022-03-14 05:30:00,37785.47000000,39940.17000000,37565.00000000,39678.87000000,14739.53968000,1647302399999,571253161.64886190,449937,7746.91784000,300407185.95593580,0
2022-03-15 05:30:00,39677.37000000,39900.00000000,38127.29000000,39289.60000000,12125.56303000,1647388799999,473470035.96286220,399012,6200.47067000,242191757.90645670,0
2022-03-16 05:30:00,39295.14000000,41701.42000000,38846.80000000,41128.82000000,23607.94964000,1647475199999,950950557.38566940,762620,11959.82714000,481972923.19500470,0
2022-03-17 05:30:00,41127.17000000,41487.71000000,40522.27000000,40939.36000000,11795.37264000,1647561599999,482729357.90354710,349045,5587.48360000,228717485.33005740,0
2022-03-18 05:30:00,40939.34000000,42350.00000000,40158.68000000,41780.35000000,13961.42045000,1647647999999,572971809.49477440,406607,6653.83166000,273133908.28148400,0
2022-03-19 05:30:00,41780.35000000,42415.91000000,41525.90000000,42226.00000000,8038.44642000,1647734399999,336625282.66906870,291576,4007.95980000,167892650.23855630,0
2022-03-20 05:30:00,42226.00000000,42304.10000000,40928.78000000,41280.89000000,8886.96623000,1647820799999,369317347.45432880,300121,4179.74673000,173733823.85939100,0
2022-03-21 05:30:00,41284.92000000,41556.78000000,40500.00000000,41015.46000000,12543.46104000,1647907199999,515235013.64091860,370360,6220.51761000,255561304.66937160,0
2022-03-22 05:30:00,41015.19000000,43390.00000000,40888.00000000,42380.00000000,16261.90483000,1647993599999,690955505.03924030,486180,8101.02149000,344184261.74984390,0
2022-03-23 05:30:00,42379.99000000,43028.90000000,41773.00000000,42892.71000000,12676.64376000,1648079999999,535859385.38109120,360257,6173.42926000,261057093.97070590,0
2022-03-24 05:30:00,42892.71000000,44240.00000000,42612.86000000,44013.43000000,14951.23061000,1648166399999,648517809.46471400,409092,7404.43603000,321243802.84200920,0
2022-03-25 05:30:00,44016.92000000,45104.07000000,43600.00000000,44335.95000000,15071.98467000,1648252799999,669012671.10355930,394225,8011.51522000,355700480.05302760,0
2022-03-26 05:30:00,44335.95000000,44809.02000000,44095.76000000,44530.00000000,6791.85605000,1648339199999,301609845.08117220,202643,3534.44830000,156978646.86491390,0
2022-03-27 05:30:00,44530.01000000,46966.42000000,44451.76000000,46842.91000000,10853.33790000,1648425599999,493266095.87289310,323389,5853.48203000,266306758.74828680,0
2022-03-28 05:30:00,46842.91000000,48220.00000000,46669.34000000,47144.86000000,15902.36786000,1648511999999,753101648.70866160,456737,8031.80613000,380353825.75747440,0
2022-03-29 05:30:00,47144.86000000,48117.64000000,46960.00000000,47451.90000000,11527.21716000,1648598399999,548463177.81572220,374692,5534.23796000,263350721.26821120,0
2022-03-30 05:30:00,47446.38000000,47707.28000000,46550.46000000,47078.81000000,10271.67868000,1648684799999,484892684.16942570,363025,4999.47179000,236042879.45919100,0
2022-03-31 05:30:00,47078.82000000,47619.99000000,45215.70000000,45517.87000000,12657.34147000,1648771199999,588991324.41486740,423904,5910.21206000,275080572.00062430,0
2022-04-01 05:30:00,45526.79000000,46735.99000000,44222.00000000,46298.08000000,17284.28682000,1648857599999,785546449.25538610,488764,8396.57201000,381741045.80709120,0
2022-04-02 05:30:00,46293.71000000,47231.00000000,45628.99000000,45825.73000000,10992.36297000,1648943999999,510906685.27865980,362539,5292.77731000,246063138.98972470,0
2022-04-03 05:30:00,45825.73000000,47444.00000000,45555.50000000,46420.23000000,10065.03186000,1649030399999,467752278.33235050,334046,5165.55352000,240178724.25372450,0
2022-04-04 05:30:00,46420.24000000,46894.38000000,45128.67000000,46594.23000000,14010.74522000,1649116799999,644595890.03333610,420400,6968.44790000,320665250.83930330,0
2022-04-05 05:30:00,46594.22000000,47200.00000000,45365.30000000,45506.78000000,12113.05051000,1649203199999,560025173.12340400,390180,5991.87811000,277160010.93086580,0
2022-04-06 05:30:00,45506.77000000,45525.68000000,43111.00000000,43177.71000000,17505.29946000,1649289599999,778244240.00930940,576138,8775.18784000,390150796.39146090,0
2022-04-07 05:30:00,43177.71000000,43905.37000000,42720.01000000,43443.89000000,10915.05044000,1649375999999,474054268.60377330,380220,5183.16999000,225140373.83495300,0
2022-04-08 05:30:00,43443.89000000,43976.00000000,42121.00000000,42264.62000000,12373.23526000,1649462399999,534890727.72787920,427326,5680.29080000,245664337.05781550,0
2022-04-09 05:30:00,42264.63000000,42816.32000000,42127.11000000,42765.97000000,5144.53207000,1649548799999,218351098.44207800,206963,2436.26904000,103416704.62869110,0
2022-04-10 05:30:00,42765.97000000,43426.57000000,41898.00000000,42166.66000000,6258.14738000,1649635199999,267216253.18213240,233941,3058.64794000,130649157.20636720,0
2022-04-11 05:30:00,42166.65000000,42419.44000000,39114.34000000,39534.83000000,16832.26077000,1649721599999,688383808.42038730,517581,8084.16660000,330981801.39107230,0
2022-04-12 05:30:00,39534.83000000,40698.78000000,39264.82000000,40081.08000000,15774.52713000,1649807999999,631082783.32222750,467354,7987.72971000,319519567.96665190,0
2022-04-13 05:30:00,40081.08000000,41563.79000000,39591.91000000,41154.92000000,12357.44291000,1649894399999,501227614.26007900,382843,6292.06247000,255174592.34796390,0
2022-04-14 05:30:00,41154.92000000,41496.12000000,39542.73000000,39941.64000000,10829.91168000,1649980799999,439507350.53159230,310824,5317.11027000,215903696.20880410,0
2022-04-15 05:30:00,39941.64000000,40882.97000000,39773.18000000,40557.54000000,7070.31431000,1650067199999,284564551.75529480,230948,3558.36076000,143238474.78920010,0
2022-04-16 05:30:00,40557.55000000,40718.88000000,40002.00000000,40386.14000000,4634.74565000,1650153599999,187139127.52146840,149846,2227.20882000,89932393.99132540,0
2022-04-17 05:30:00,40386.13000000,40600.00000000,39558.82000000,39690.80000000,6142.29864000,1650239999999,247007207.98170920,193866,2904.86680000,116834391.53356380,0
2022-04-18 05:30:00,39685.22000000,41100.00000000,38545.17000000,40812.11000000,16732.35892000,1650326399999,664364921.04072720,442505,8366.35662000,332419777.84346650,0
2022-04-19 05:30:00,40814.28000000,41784.39000000,40582.41000000,41498.63000000,11727.85851000,1650412799999,482289141.24967220,324903,6016.13679000,247383592.47534560,0
2022-04-20 05:30:00,41498.63000000,42200.37000000,40877.55000000,41367.73000000,12320.37943000,1650499199999,511480545.54569570,363858,6096.17355000,253044801.04158260,0
2022-04-21 05:30:00,41362.79000000,42985.67000000,39791.29000000,40485.99000000,16346.13949000,1650585599999,681039523.94933730,453108,7995.15826000,333303568.99131180,0
2022-04-22 05:30:00,40486.00000000,40799.79000000,39173.60000000,39705.86000000,15383.20316000,1650671999999,616635971.48640830,408914,7832.23023000,313904290.55417740,0
2022-04-23 05:30:00,39705.86000000,39985.02000000,39295.54000000,39450.18000000,5213.19275000,1650758399999,206799496.26322580,196133,2392.66332000,94923370.35707030,0
2022-04-24 05:30:00,39450.17000000,39947.00000000,38980.00000000,39459.92000000,7082.13306000,1650844799999,280240652.87224590,231556,3380.25676000,133760777.39670810,0
2022-04-25 05:30:00,39459.91000000,40617.44000000,38200.00000000,40428.05000000,17649.18560000,1650931199999,692230016.24110660,493156,8975.12685000,352096119.80984630,0
2022-04-26 05:30:00,40428.05000000,40788.00000000,37700.02000000,38110.01000000,17554.35016000,1651017599999,689528883.26995340,470317,8407.79194000,330293984.16728080,0
2022-04-27 05:30:00,38110.01000000,39477.82000000,37879.83000000,39236.56000000,15317.35235000,1651103999999,595148139.65349750,427545,7648.34785000,297175436.50215830,0
2022-04-28 05:30:00,39236.56000000,40373.09000000,38881.85000000,39744.52000000,16075.07265000,1651190399999,637558261.04185410,464583,7844.31288000,311171536.05774040,0
2022-04-29 05:30:00,39744.53000000,39920.17000000,38130.01000000,38591.91000000,14960.87631000,1651276799999,583181012.26653640,403329,7285.54204000,284144349.49105420,0
2022-04-30 05:30:00,38591.92000000,38786.00000000,37588.00000000,37637.59000000,8572.49221000,1651363199999,328793905.93569880,253448,4048.06234000,155259777.09278640,0
2022-05-01 05:30:00,37637.60000000,38673.46000000,37400.68000000,38468.45000000,10553.14149000,1651449599999,401912553.53210570,313409,5057.20201000,192617336.67597140,0
2022-05-02 05:30:00,38468.46000000,39176.09000000,38055.00000000,38515.02000000,14744.15159000,1651535999999,570181186.42732510,391051,7728.47401000,298863060.89583750,0
2022-05-03 05:30:00,38515.02000000,38646.96000000,37520.00000000,37725.64000000,10984.03044000,1651622399999,419208197.91305170,300129,5835.17199000,222761620.97703540,0
2022-05-04 05:30:00,37725.64000000,40040.81000000,37662.31000000,39682.40000000,17195.51531000,1651708799999,670629121.70906550,434521,9025.00300000,351910212.24931390,0
2022-05-05 05:30:00,39682.40000000,39835.73000000,35570.46000000,36547.68000000,24768.24068000,1651795199999,929574965.36380200,564150,12039.39703000,451961742.66852160,0
2022-05-06 05:30:00,36547.68000000,36663.53000000,35255.00000000,36008.04000000,20936.46319000,1651881599999,754423295.00964720,462536,10714.65211000,386166734.58317330,0
2022-05-07 05:30:00,36008.03000000,36130.43000000,34777.00000000,35463.86000000,10276.36290000,1651967999999,366387310.82177700,260442,5094.07301000,181757223.97121210,0
2022-05-08 05:30:00,35467.14000000,35499.76000000,33700.00000000,34028.35000000,18001.83117000,1652054399999,621181260.37981360,437456,8667.69537000,299183494.59671840,0
2022-05-09 05:30:00,34028.35000000,34231.19000000,30020.00000000,30077.33000000,40029.39903300,1652140799999,1291347351.18772244,860107,19334.37362800,624168374.74465687,0
2022-05-10 05:30:00,30075.82000000,32644.92000000,29725.56000000,31003.44000000,40554.16434300,1652227199999,1270660899.60058661,852570,19473.23007000,610366262.61937000,0
2022-05-11 05:30:00,31008.03000000,32148.81000000,27660.00000000,28953.78000000,54276.03884700,1652313599999,1652800113.39042872,1208181,26541.56570200,809632037.67900408,0
2022-05-12 05:30:00,28953.31000000,30120.80000000,24500.00000000,28941.53000000,72293.74435100,1652399999999,2012016136.38412234,1604811,35352.08253600,984712680.87520895,0
2022-05-13 05:30:00,28941.53000000,30996.90000000,28672.27000000,29232.08000000,34318.88765000,1652486399999,1034957936.23619630,760102,17155.20892000,517385150.96383670,0
2022-05-14 05:30:00,29232.08000000,30298.99000000,28582.00000000,30048.78000000,21229.46742000,1652572799999,622604791.27180810,549458,10611.80087000,311294568.01857890,0
2022-05-15 05:30:00,30046.02000000,31422.95000000,29436.07000000,31295.95000000,19750.68853000,1652659199999,597572974.85395900,474076,10210.95343000,309150367.79353790,0
2022-05-16 05:30:00,31287.55000000,31291.34000000,29055.54000000,29832.78000000,33285.40594000,1652745599999,993659984.62822660,630529,16366.17546000,488562075.95718660,0
2022-05-17 05:30:00,29835.58000000,30741.54000000,29421.83000000,30413.25000000,22753.43625000,1652831999999,687478605.54480930,467986,11207.65661000,338686659.47535770,0
2022-05-18 05:30:00,30410.19000000,30671.42000000,28614.86000000,28678.63000000,26077.31822000,1652918399999,767951020.41033230,542343,12603.52196000,371179620.66862840,0
2022-05-19 05:30:00,28678.62000000,30506.00000000,28651.16000000,30286.25000000,27204.54788000,1653004799999,806161266.83293930,548233,14235.39673000,421946349.76863440,0
2022-05-20 05:30:00,30286.25000000,30736.46000000,28700.00000000,29165.58000000,26123.52812000,1653091199999,775295471.35134140,566138,12621.20541000,374789121.76291130,0
2022-05-21 05:30:00,29165.57000000,29614.99000000,28911.24000000,29405.07000000,9897.01905000,1653177599999,290184428.82557830,237810,4783.86099000,140276291.47620390,0
2022-05-22 05:30:00,29405.06000000,30454.81000000,29219.70000000,30260.96000000,16007.90166000,1653263999999,478752986.62741600,376444,8040.47097000,240579007.99597340,0
2022-05-23 05:30:00,30260.96000000,30634.00000000,28843.00000000,29079.28000000,26084.73698000,1653350399999,780752294.62610400,592512,12317.42027000,368912531.83376860,0
2022-05-24 05:30:00,29079.28000000,29832.82000000,28643.94000000,29628.94000000,19479.58750000,1653436799999,569636843.15676070,385847,9889.94016000,289275284.23574720,0
2022-05-25 05:30:00,29628.94000000,30188.00000000,29299.00000000,29517.72000000,22249.05749000,1653523199999,661505592.23113700,436166,10973.42712000,326235340.62357610,0
2022-05-26 05:30:00,29517.73000000,29857.18000000,28000.00000000,29167.98000000,35248.29553000,1653609599999,1028252969.14962270,610477,16698.74108000,487269202.72445040,0
2022-05-27 05:30:00,29167.98000000,29361.90000000,28252.00000000,28597.97000000,33781.02249000,1653695999999,974879988.38617970,597883,16673.34188000,481191472.58406330,0
2022-05-28 05:30:00,28597.97000000,29222.00000000,28494.83000000,29000.00000000,11558.11919000,1653782399999,333514410.59897890,247894,5804.58615000,167496389.37807040,0
2022-05-29 05:30:00,29000.01000000,29560.00000000,28810.81000000,29432.60000000,10370.57354000,1653868799999,302497742.08552860,231833,5244.11401000,152985003.46293020,0
2022-05-30 05:30:00,29435.79000000,32184.87000000,29279.21000000,31710.40000000,31211.52713000,1653955199999,959061273.03123150,555901,15975.88625000,490925508.08717040,0
2022-05-31 05:30:00,31710.40000000,32378.34000000,31198.09000000,31775.49000000,23187.84230000,1654041599999,735346419.25738670,503969,11267.12736000,357328478.63665950,0
2022-06-01 05:30:00,31777.38000000,31959.00000000,29302.93000000,29776.67000000,34379.14699000,1654127999999,1055939486.07211980,608722,16247.63315000,499349319.16298850,0
2022-06-02 05:30:00,29777.60000000,30667.99000000,29564.05000000,30425.79000000,24531.54433000,1654214399999,736501831.19486830,485702,12242.14912000,367615159.43155980,0
2022-06-03 05:30:00,30425.79000000,30669.01000000,29242.10000000,29667.32000000,20262.28592000,1654300799999,604834264.80938500,434817,10028.17790000,299372716.48521160,0
2022-06-04 05:30:00,29667.32000000,29951.00000000,29450.00000000,29840.50000000,8586.70993000,1654387199999,254845076.20440550,215989,4373.56934000,129824889.21544130,0
2022-06-05 05:30:00,29840.51000000,30155.00000000,29506.89000000,29894.46000000,9487.35865000,1654473599999,283142014.72401670,234484,4786.92683000,142886687.59696760,0
2022-06-06 05:30:00,29894.47000000,31740.00000000,29863.91000000,31345.26000000,25574.07275000,1654559999999,798058666.76171770,517602,13024.99328000,406330106.49301110,0
2022-06-07 05:30:00,31345.25000000,31554.80000000,29200.00000000,31108.43000000,37979.14921000,1654646399999,1147200862.96317750,823421,18982.38994000,573572802.21326840,0
2022-06-08 05:30:00,31108.44000000,31300.63000000,29824.95000000,30178.15000000,27719.07202000,1654732799999,843701801.33632020,615231,13701.64922000,417049031.91799960,0
2022-06-09 05:30:00,30178.16000000,30680.09000000,29921.89000000,30082.56000000,18144.44152000,1654819199999,548282883.28958070,405597,8966.38922000,270987560.86803750,0
2022-06-10 05:30:00,30085.46000000,30342.00000000,28810.83000000,29062.66000000,29984.43496000,1654905599999,885675014.46897660,626212,14657.69522000,433067737.31987980,0
2022-06-11 05:30:00,29062.66000000,29408.64000000,28075.00000000,28393.25000000,24370.77011000,1654991999999,698900163.46366070,501323,11755.36794000,337165913.86006290,0
2022-06-12 05:30:00,28393.25000000,28512.18000000,26531.00000000,26546.48000000,36989.01710000,1655078399999,1018996897.27624480,739992,18198.32124000,501421492.53645810,0
2022-06-13 05:30:00,26543.54000000,26863.08000000,21900.27000000,22449.81000000,92969.47993700,1655164799999,2269466263.96407357,1772064,44794.75947600,1094610561.70158490,0
2022-06-14 05:30:00,22449.82000000,23317.90000000,20813.00000000,22102.82000000,70176.59215400,1655251199999,1552562344.86810590,1390950,35280.39935100,781049465.72974672,0
2022-06-15 05:30:00,22114.23000000,22780.00000000,20072.00000000,22555.88000000,76405.39868700,1655337599999,1618901284.86698639,1641687,37990.45613000,806342131.11973300,0
2022-06-16 05:30:00,22555.87000000,22973.42000000,20205.81000000,20373.05000000,50139.68598000,1655423999999,1072738281.03992100,942171,25724.88205000,550862673.52993540,0
2022-06-17 05:30:00,20373.05000000,21327.80000000,20220.00000000,20443.84000000,38446.51908000,1655510399999,796240166.11953610,749868,19427.29212000,402490667.07883060,0
2022-06-18 05:30:00,20443.85000000,20748.25000000,17588.88000000,18942.69000000,64474.96108200,1655596799999,1223739897.29645856,1180834,31759.52694900,603222782.08568340,0
2022-06-19 05:30:00,18942.68000000,20786.43000000,17915.00000000,20545.40000000,57055.15737000,1655683199999,1105614770.45491420,1063864,29519.23277000,572572712.52680610,0
2022-06-20 05:30:00,20544.28000000,21044.25000000,19613.02000000,20548.97000000,45607.05591000,1655769599999,927337691.25943680,909644,23293.27877000,473760326.74305960,0
2022-06-21 05:30:00,20548.17000000,21700.00000000,20331.13000000,20702.37000000,42728.30265000,1655855999999,900024777.33635510,812397,21678.57341000,456780578.11360270,0
2022-06-22 05:30:00,20700.50000000,20873.00000000,19752.43000000,19966.73000000,42654.00864000,1655942399999,865357867.89694150,754522,20622.23929000,418474048.01043130,0
2022-06-23 05:30:00,19966.73000000,21212.10000000,19866.40000000,21090.01000000,34351.06993000,1656028799999,706511579.94168800,636040,17617.65669000,362359919.05525790,0
2022-06-24 05:30:00,21090.00000000,21541.26000000,20715.59000000,21219.01000000,35856.91448000,1656115199999,756519746.24079480,648086,18481.30181000,389939671.01803390,0
2022-06-25 05:30:00,21219.02000000,21596.10000000,20899.67000000,21476.51000000,20839.68483000,1656201599999,442988770.56172620,441035,10304.54640000,219052281.26003510,0
2022-06-26 05:30:00,21473.73000000,21873.68000000,20943.67000000,21026.76000000,20686.54742000,1656287999999,441955712.13267940,410559,10064.03458000,215066751.20215130,0
2022-06-27 05:30:00,21026.76000000,21525.00000000,20480.58000000,20721.63000000,25597.06040000,1656374399999,537243428.84822480,485211,12547.63332000,263505546.37249260,0
2022-06-28 05:30:00,20721.63000000,21191.07000000,20177.22000000,20256.79000000,26598.07438000,1656460799999,550594347.78211450,483736,12953.93172000,268284399.85137590,0
2022-06-29 05:30:00,20256.79000000,20407.61000000,19820.01000000,20099.00000000,28385.31846000,1656547199999,570773250.23971800,568428,13933.66665000,280202908.03636960,0
2022-06-30 05:30:00,20099.01000000,20143.06000000,18592.75000000,19918.05000000,40309.20733000,1656633599999,776381279.77982020,716790,20047.88164000,386246332.99719750,0
2022-07-01 05:30:00,19918.32000000,20875.99000000,18951.58000000,19251.99000000,46048.09021000,1656719999999,903733242.50632510,790124,23002.33651000,451585603.10922870,0
2022-07-02 05:30:00,19256.14000000,19460.30000000,18960.00000000,19227.03000000,21120.59335000,1656806399999,405860569.98669520,361722,10483.86565000,201462542.05971620,0
2022-07-03 05:30:00,19227.04000000,19644.81000000,18759.89000000,19292.08000000,24619.32417000,1656892799999,471985878.81817420,392609,12293.56273000,235746436.25653590,0
2022-07-04 05:30:00,19292.09000000,20328.73000000,19028.00000000,20213.96000000,32428.21788000,1656979199999,637964427.53409860,500765,16401.69694000,322694053.05503380,0
2022-07-05 05:30:00,20213.52000000,20726.46000000,19275.47000000,20154.01000000,40502.06810000,1657065599999,808628205.71832070,620095,20289.59440000,405143017.08886510,0
2022-07-06 05:30:00,20154.15000000,20656.00000000,19747.34000000,20542.96000000,36588.94613000,1657151999999,738380322.07031000,655044,18208.88418000,367530978.67019070,0
2022-07-07 05:30:00,20542.96000000,21830.00000000,20224.48000000,21610.93000000,39458.72924000,1657238399999,827794474.96319240,588122,19862.43087000,416668452.71068410,0
2022-07-08 05:30:00,21611.92000000,22500.00000000,21160.46000000,21581.17000000,108923.35414000,1657324799999,2368263473.85057460,1365132,54292.86460000,1180533174.74321710,0
2022-07-09 05:30:00,21580.47000000,21960.00000000,21312.50000000,21579.82000000,91695.31879000,1657411199999,1981045649.60482930,1021928,45260.56606000,977904652.02281810,0
2022-07-10 05:30:00,21579.82000000,21594.45000000,20635.00000000,20847.61000000,88810.19791000,1657497599999,1876658394.13670790,1060780,43676.03589000,922914819.43689660,0
2022-07-11 05:30:00,20850.00000000,20853.97000000,19856.00000000,19943.80000000,55959.58461000,1657583999999,1143416310.36204880,915418,27315.24338000,558291837.96599610,0
2022-07-12 05:30:00,19946.48000000,20044.99000000,19221.30000000,19311.68000000,62602.45944000,1657670399999,1234329232.36157060,1142370,30731.25940000,606014399.41715890,0
2022-07-13 05:30:00,19310.00000000,20340.00000000,18900.00000000,20218.44000000,95037.88448000,1657756799999,1859331601.98789280,1386511,47285.01668000,925237206.46754060,0
2022-07-14 05:30:00,20217.99000000,20883.80000000,19610.34000000,20576.31000000,71120.18715000,1657843199999,1432077528.27351070,1190939,35588.94640000,716765411.72435190,0
2022-07-15 05:30:00,20573.19000000,21195.00000000,20365.51000000,20822.62000000,72535.96166000,1657929599999,1509896273.57948030,1155024,36463.35112000,758956708.26960460,0
2022-07-16 05:30:00,20822.54000000,21580.34000000,20473.93000000,21189.63000000,50296.62650000,1658015999999,1055050264.19179780,864745,25149.92536000,527645438.17744760,0
2022-07-17 05:30:00,21189.14000000,21672.44000000,20744.73000000,20793.99000000,46200.27453000,1658102399999,980701362.65307650,897124,22781.57256000,483722294.70479450,0
2022-07-18 05:30:00,20793.97000000,22773.26000000,20758.78000000,22428.22000000,96653.55188000,1658188799999,2121894121.22189750,1519164,48790.06814000,1071166662.45213110,0
2022-07-19 05:30:00,22428.16000000,23804.16000000,21577.00000000,23399.39000000,107088.45742000,1658275199999,2415554846.79813820,1815359,53444.76304000,1205728494.47435400,0
2022-07-20 05:30:00,23399.93000000,24283.32000000,22910.53000000,23227.54000000,96339.10042000,1658361599999,2273074888.71094500,1649942,48169.86564000,1136496963.29036660,0
2022-07-21 05:30:00,23224.90000000,23441.64000000,22341.00000000,23157.12000000,73389.21044000,1658447999999,1680252944.29611930,1292156,36192.57596000,828642853.80855100,0
2022-07-22 05:30:00,23153.45000000,23762.67000000,22501.12000000,22685.55000000,76397.59242000,1658534399999,1771910523.75571890,1220427,38135.50741000,884492136.42769170,0
2022-07-23 05:30:00,22685.00000000,23000.00000000,21938.00000000,22449.22000000,46400.35008000,1658620799999,1042525519.28702930,837293,23174.40195000,520587329.54248620,0
2022-07-24 05:30:00,22449.26000000,22835.12000000,22261.38000000,22616.35000000,29942.39427000,1658707199999,677681334.69996970,569793,14870.68475000,336593954.30847480,0
